id,document,label
9976970,아 더빙 진짜 짜증 나네요 목소리,0
3819312,흠포스터보고 초등학생영화 줄 오버 연기조차 가볍지 않구나,1
10265843,너무재밓었다그래서보는것을추천한다,0
9045019,교도소 이야기구먼 솔직히 재미는 없다 평점 조정,0
6483659,사이먼 페그의 익살스러운 연기가 돋보였던 영화 스파이더맨에서 늙어 보이기만 했던 커스틴 던스트가 너무나도 이뻐 보였다,1
5403919,막 걸음마 뗀 세부터 초등학교 학년생인 살용 영화ㅋㅋㅋ 별 반 개도 아까움,0
7797314,원작의 긴장감을 제대로 살려내지 못했다,0
9443947,별 반 개도 아깝다 욕 나온다 이응경 길용우 연기생활이 몇 년인지 정말 발로해도 그것보단 낫겠다 납치 감금만 반복 반복이 드라마는 가족도 없다 연기 못하는 사람만 모였네,0
7156791,액션이 없는데도 재미있는 몇 안 되는 영화,1
5912145,왜 이렇게 평점이 낮은 건데 꽤 볼만한데 할리우드식 화려함에만 너무 길들여져 있나,1
9008700,그냥 인피니트가 최고다 진짜 최고다,1
10217543,볼 때마다 눈물 나서 죽겠다 연대의 향수 자극 허진호는 감성 절제 멜로의 달인이다,1
5957425,울면서 손들고 횡단보도 건널 때 뛰쳐나올 뻔 이범수 연기 더럽게 못해,0
8628627,담백하고 깔끔해서 좋다 신문기사로만 보다 보면 자꾸 잊어버린다 그들도 사람이었다는 것을,1
9864035,취향은 존중한다지만 진짜 내 생에 극장에서 본 영화 중 가장 나 잼 노 감독임 스토리도 억지고 감동도 억지,0
6852435,ㄱ냥 매번 긴장되고 재밌음ᅲᅲ,1
9143163,참 사람들 웃긴 게 바스코가 이기면 락스 코라고 까고 바비가 이기면 아이돌이라고 깐 다 그냥 까고 싶어서 안달 난 것처럼 보인다,1
4891476,굿바이 레닌 표절인 것은 이해하는데 왜 뒤로 갈수록 재미 없어지냐,0
7465483,이건 정말 깨알 캐스팅과 질퍽하지 않은 산뜻한 내용 구성이 잘 버무려진 깨알 일드,1
3989148,약탈자를 위한 변명이라 저놈들은 착한 놈들 절대 아닌걸요,1
4581211,나름 심오한 뜻도 있는 듯 그냥 학생이 선생과 놀아나는 영화는 절대 아님,1
2718894,보면서 웃지 않는 건 불가능하다,1
9705777,재미없다 지루하고 같은 음식 영화인데도 바베트의 만찬하고 너무 차이 남 바베트의 만찬은 이야기도 있고 음식 보는 재미도 있는데 이건 볼 게 없다 음식도 별로 안 나오고 핀란드 풍경이라도 구경할래는 데 그것도 별로 안 나옴 ㅡㅡ,0
471131,절대 평범한 영화가 아닌 수작이라는 걸 말씀드립니다,1
8480268,주제는 좋은데 중반부터 지루하다,0
4254115,다 잘랐을 거야 그래서 납득할 수 없었던 거야 그럴 거야 꼭 그랬던걸 꺼야,0
7295746,고추를 털어버려야 할 텐데,1
5457633,카밀라 벨 발연기,0
6091784,재밋는뎅,1
8322926,센스 있는 연출력 탁월한 캐스팅 연대의 향수 그래서 점,1
6331922,엄포스의 위력을 다시 한번 깨닫게 해준 적남 꽃검사님도 연기 정말 좋았어요 완전 명품 드라마,1
9005897,졸 쓰레기 진부하고 말도 안 됨ᄏᄏ 안 시간 아까워,0
164908,재밌는데 별점이 왜 이리 낮은고,1
9671124,라도 기대했던 내가 죄인입니다 죄인입니다,0
5712231,아직도 이 드라마는 내 인생의 최고,1
4726746,패션에 대한 열정 안 나 윈투어,1
7203432,키이라 나이틀리가 연기하고자 했던 건 대체 정신장애일까 틱장애일까,0
112724,허허 원 작가 정신 나간 유령이라 재미있겠네요,1
1105872,포스터는 있어 보이는데 관객은 명이네,0
4805788,이 영화가 왜 이렇게 저평가 받는지 모르겠다,1
9336496,단순하면서 은은한 매력의 영화,1
9994900,다 아르바이트생인가 내용도 없고 무서운 거도 없고 웃긴 거도 하나도 없음 완전 별 싱거운 영화 영내ㅇ시간 너무 아까움 정말 낚임,0
6760577,오게 두어라 서린 한이 굶주렸다,1
3440864,정말 맘에 들어요 그래서 또 보고 싶은데 또 보는 방법이 없네 ㅜㅡ,1
8548510,윤제문이라는 멋진 배우를 발견하게 됐어요 소소한 일탈이 잔잔한 미소를 머금게 합니다 음악은 조금 아쉽네요ㅠㅠ 점 주고 싶은데 평점 올리고 싶어 점 줄게요,1
7719892,평점에 속지 마시길 시간 낭비 돈 낭비임,0
9440670,리얼리티가 뛰어나긴 한데 큰 공감은 안 간다 이민기 캐릭터는 정신의학상 분노조절장애 초기 증상일 거다 툭하면 사람 패고 욕하고 물건 파손하고 조금 오버였음 극 초반엔 신선했는데 가면 갈수록 이민기 정신 상태 공감불가,0
7991636,마이너스는 왜 없냐 ㅋ 뮤비 보고 영화 수준 딱 알만하더군 ㅉㅉ 북한에서 이런 거 만들라고 돈 대주던,0
4679407,난 우리 영화를 사랑합니다,0
9837767,데너 리스 타르 가트엔 나도 용의 주인이 되고 싶다 누이랑 근친상간이나 하고 다닐지라도 소설 속에선 제일 멋진 놈이 하이메 라니 스타였는데 드라마 속에선 드래건 용이 제일 멋지네 웃음 감독님 토르 다크 월드는 말아 잡수셨을지라도 기본 선방은 했음,1
9063648,영화가 사람의 영혼을 어루만져 줄 수도 있군요 거친 세상사를 잠시 잊고 동화 같은 영화에 행복했네요,1
8272095,야 세르게이 작은 고추의 매운맛을 보여주마 포퐁저그 통진 호가 간다,0
2345905,이렇게 가슴 시리게 본 드라마가 또 있을까 감동 그 자체,1
7865630,난 또 저 꼬마 애가 무슨 원한이 깊길래 했더니 그냥 혼자 나대다 걸 어쩌라고,0
7207064,재미있어요,1
5719655,전 좋아요,1
1651126,최고,0
7246040,너무 충격적이었다 기분을 완전히 푹 꺼지게 하는 느낌 활력이라고는 하나도 없는 너무나도 무거운 지독하고 차갑고 무자비하다 그저 일본인들의 상상력은 정말 대단한 거 같다는 생각이 든다,1
717775,심심한 영화,0
8317483,백봉기 언제나 오나요,1
1031725,보는 내내 그대로 들어맞는 예측 카리스마 없는 악역,0
3993146,불알이 나와서 당황 아무튼 영화가 중간에 끝나는 느낌,0
2196616,평범함 속에 녹아든 평범한 일상 조금 밋밋한 게 흠,0
8203798,보던 거라 계속 보고 있는데 전개도 느리고 주인공인 은희는 한두 컷 나오면서 소극적인 모습에 짜증이 ㅜㅜ 맨날 언제 끝나나 기대만 하고 있어요 전개 좀 빨리빨리 ㅜㅜ,0
2332588,사랑하고 싶게 하는 가슴속 온 감정을 헤집어놓는 영화예요 정말 최고,1
10084753,많은 사람들이 이 다큐를 보고 우리나라 슬픈 현대사의 한 단면에 대해 깊이 생각하고 사죄하고 바로잡기 위해 노력했으면 합니다 말로만 듣던 보도연맹 그 민간인 학살이 이 정도 일 줄이야 이건 명백한 살인입니다 살인자들은 다 어디 있나요,1
8518645,예전 작품 캐릭터 에피소드 재탕 삼탕 사골 우려먹듯 우리고 내용은 산으로 가고 시청률은 아예 안 나오고 이제 해 중반인데 부작이라니,0
7956793,김남길의 백 점짜리 연기력과 초반 몰입도에도 불구하고 지루하고 손예진 ㅈㅈ,0
3996917,재밌네 비슷한 영화를 안 보신 분들한테는 재미있을 듯,1
8128006,노래 실력으로 뽑는 게 맞냐 박시환이 나가면 진짜 망신이다,0
2192046,아 일본 영화 다 이런 건가 유치하다,0
7250961,이틀 만에 다 봤어요 재밌어요 근데 차 안에 물건 넣어 조작하려고 하면 차 안이 열려있다든지 집 안이 활짝 열려서 아무나 들어간다던가 문자를 조작하려고 하면 비번이 안 걸려있고 ㅋㅋㅋ 그런 건 억지스러웠는데 그래도 내용 자체는 좋았어요,1
5679106,졸작,0
9179128,재밌네요 달팽이가 빨라서 더 재밌었어요,1
9048450,어설픈 전개 어이없는 결말,0
8387244,부패한 로마노프 왕조를 기리는 뭣 같은 영화 온몸으로 항거했던 러시아 민중들이 그저 폭도냐,0
9803156,내용 전개는 무난한 편이였고 잘 보았습니다,1
2135015,매우 실망,0
7884025,한국 영화 흥행코드 갈등 갈등 계속 갈등 화해 감동 평점 점 남발 흥행 뻔하지 뭐,0
9801316,아햏햏 아햏햏 아햏햏,1
2009382,뭐냐 시작하고 분만에 나왔다 리플릿 사진 보며 불안하더니만,0
10112591,단연 최고라고 할 수 있지,1
7280935,감독이 럼 먹고 영화를 만들었나 보다 관객에게 뭘 말하는지도 모르겠고 엉망진창 개진상이다,0
5971506,이건 뭐냐 우뢰매냐,0
9875922,정말 쓰레기 영화입니다,0
9850710,진정 위대한 영화 최고임,1
1927486,별로였다,0
5023820,내일이 기대되는,1
1859380,근데 조미가 막문위 좋아한 건가요,1
1635552,ㅋㅋㅋ 진짜 골깜ㅋㅋ 눈 부라릴 때 쓰러짐ㅋㅋ,1
7852366,성룡 영화 중 최악인 듯 ㅋㅋ,0
9480003,골때리네ㅋㅋㅋㅋ 걸스데이 이혜리 잘 되라,1
1797212,서기가 이뻐서,1
6374262,정말 재밌어요 ᄏᄏᄏᄏᄏ백인 공주 귀여움ᄏᄏᄏᄏᄏᄏ,1
1607129,인상적인 영화였다,1
8763660,어니스트와 셀레스티 정말 강추에요 정말 재밌습니다,1
9361974,재미있는 영화입니다,1
7928957,클라라 보려고 화신 돈 거 아닌데,0
10250221,진짜 보면서 너무 슬펐던 영화다,1
6122458,설정이 재밌고 새로운 에피소드 내에서 메인 스토리도 차차 나오는 게 재밌음,1
10044377,신카이 마코토의 작화와 미유와 하나하나가 연기를 잘해줘서 더대 박이었다,1
6158844,재미없음 진심 이 훨 나 캐스팅도 못한 듯,0
1723799,잔잔한 게 생각보다 볼만한 영화인 거 같습니다 ㅋ,1
10273782,감독님들 고은님 쓰면 영화 안 봅니다,0
1666795,무섭지도 않았고 스토리도 ㅡㅡ,0
4866815,영화 속 억지스럽고 노골적인 술 광고를 좀 은은하고 센스 있게 했으면 어땠을까,0
7747745,킬링타임,0
8213218,크리스마스 하면 떠오르는 영화,1
8659712,재미있게 봤습니다 매력적인 행복이네요 ㅎㅎㅎ,1
1204710,음악에 완전히 빠져서 볼 수 있었던 영화 좀 산만하긴 하던데,1
3926204,태어나서 처음으로 영화보다 중간에 나왔습니다 불륜이 로맨스냐,0
2304429,왕짜증 아주 전개를 짬뽕으로 믹스했구나 음향만 무섭게 하네 하아,0
9685228,솔직히 난 별로더라 시간 낭비 느낌,0
7115568,대박,1
6205383,시청률 기준이 되는 패널가구들 머 하는 거지 명작 드라마 다 망치네 ㅡㅡ 내가 다 서운하다,1
85848,내용이 이상해,0
8741214,몬스터 주식회사 재밌게 봤다,1
7785809,내용 전개가 너무나 느리다,0
9757434,소재는 흥미를 끌지만 이야기 전개가 투박해서 몰입이 안 되는군,0
9753792,절대 보지 마라 쓰레기 영화,0
7520154,중국인 특유의 과장 허풍 있어 보이려고 안간힘 쓴 노력은 가상하나 고증과 현실감 떨어지는 설정이 거북스럽다 도대체 그들은 왜 이렇게까지 스스로를 과대포장하는 것인지,0
8902582,그냥 불법체류자 때려잡는 영화면 좋았을 텐데 무슨 우상화를 만든다고 미국의 따뜻한 설정이건 뭐야,0
9578691,년의 삶 속에 주인공의 생애가 전부 드러난 듯하다,1
7469033,별 점점 가자,1
3914806,별로다,0
10212945,본지 꽤 지난 후에 남기지만 재미있었음,1
9893434,아니 이게 왜 점대일까,0
9615602,년이 지나 다시 보게 된 영화 다시 봐도 그 순수한 사랑에 감동 ㅠㅠ 숀 펜의 연기 또한,1
10138538,올레에 공짜로 있길래 봤음 ㅋㅋ 헐 스토리가 문제가 아니라 연기자들이 전혀 배역이랑 어울리지 않음 그리고 상대 배우들하고 다 따로 노는 거 같음 이건 연기자들도 문제 있음 보아는 진심 완전 별로임 라미란하고 아들이 젤 볼만했음,0
6139250,너무 욕심이 많았던 영화 어느 한 쪽만이라도 제대로 보여줬다면,0
6738759,아 빵점,0
10108387,네댓이 말을 아주 잘 써놨네,1
5678216,아주 모자라진 않다,0
8470143,영화 도둑들이나 뫼비우스 하고 같은 나라에서 만들어졌다는 게 믿어지냐,0
6565615,온몸이 찌릿 짜릿 나도 용기를 가져야지,1
7838658,정말 재미있고 교훈적인 영화이네요,1
3526263,당시의 상황과 주제를 주입식이 아닌 긴장감 있고 재밌게 전하는 작품,1
625839,케이블에서 그만 나와줬으면,0
6153764,다르덴이냐리투차이밍량이 하나도 안 섞인 채 짬뽕 그릇에 담겨있다,0
9179457,여군 잼 없음 뭐 하는 건지 ㅡㅡ잼없음 엠비시 다 재미없음 질린 다이제,0
3685947,좋구나,1
8747603,한석규 김혜수 연기만 돋보인 영화 어딘지 모르게 많이 어설픈 영화,0
9153275,솔직히 에볼라바이러스가 떠들썩해서 보게 된 영화인데 작품성이나 어떤 면에서도 여 년 전 영화라고 보기엔 믿기 힘들 정도로 정말 잘 만들었다고 본다 마지막 후반부가 살짝 아쉽긴 하지만 이 정도면 수작이라고 본다 시간이 아깝지 않은 영화,1
2850477,볼만해,0
8513072,재미있다고 허풍 떨지 마세요,0
8546726,용가리 진짜 짱짱 맨유다ㅋ,0
8674440,이 영화를 이제서야 보다니 감히 내 인생 최고의 영화 중 하나로 꼽을 수 있을만한 작품 어떻게 살아야 할지 나를 위한 고민을 한 번 더 하게 되는 시간 그리고 모건 프리먼은 나이가 들어도 여전히 섹시하다,1
6842532,작가가 별로 다 내용이 진짜별로 임 맨날 그냥 기대하고 재방송하면 혹시나 하고 봐줘도 답 없다 진짜,0
9106604,명작도 이런 명작이 있을까 싶다 보고 또 봐도 여운이 남는 영화,1
10261336,아 진짜 조금만 더 손 좀 보면 웬만한 상업 영화 못지않게 퀄리티 쩔게 만들어 질 수 있었는데 아쉽네요 그래도 충분히 재미있었습니다 개인적으로 조금만 더 잔인하게 더 자극적으로 노출 신도 화끈하게 했더라면 어땠을까 하는 국산 영화라 많이 아낀 듯 보임,1
8518274,그만 좀 끌고 이제 끝내라 지겹다 지겨워,0
7348295,아,0
5882876,역시 해 드 니로의 연기는 일품 나도 맥스가 샘을 죽이길 바랐다,1
8472176,나름 괜찮은 작품입니다,1
4446905,너무 좋은 영화,1
6252170,정말 실망스러웠음,0
8777723,배우들은 지네들 안 뜨니까 이런 영화 찍을 건데 왜 안 뜨는지 진짜 모르는 거야 면상 딱 보면 알겠구먼 왜 지네 자신들은 모를까,0
8670820,어린이가 좋아할 듯 내 어릴 적 동심은 멀리 떠났나 보다,0
3384269,무술인이 왜 총을 드나,0
7781028,점,1
9890330,크리스토퍼 왈츠와 타란티노의 조합이란 ㅠㅠ,1
8660428,한국에선 유명한 편은 아니지만 외국에선 상상초월한 유명한 영화입니다,1
10212029,오랜만에 재밌는 영화 봤네요,1
8575963,종방되어 아쉬워요 오늘 막방도 잘 봤어요 방송대본이 꽤 완성도 있다는 느낌 받았고요 요즘 드라마들의 막장에 지쳐있었는데 수박 향은 정말 바른 드라마였던 듯해요 악역들도 그리 심하게 어이없지도 않았고요 파이팅,1
7033414,평점 조절 위원회에서 나왔습니다 웃음 김혜선은 내일이 오면의 김순정 순정이 역할이 제일이다 팜 파탈로써 그 정도까지 잘 해낼 줄은 정말 의외였어연 개년 한 사람에게 요즘 사극에서 벌어지고 있는 그녀에 대한 연기 논란은 왠지 코미디의 한 장면 같음 웃음,0
10122280,영화 끝나갈 때쯤에 멍하다가 다 보고 나면 한마디 나올 거임 ㅈ같다,1
8062501,공유 존잘ㅎㅎㅎ,1
2937929,상쾌 발랄한 영화다 말하기 껄끄러운 성이란 소재를 유쾌하게 해설했다,1
4777325,소파에 죽치고 앉아 지켜볼 이유가 없는 작품,0
7047706,로큰롤,1
7263316,주된 타깃이 어린이니 일반적인 논리가 통하지 않는 건 알겠다 하지만 게임은 흥미롭지 않고 요원이라는 주인공이 너무 무능력해서 별로 재미없다 배경도 거슬린다,0
9297500,뮤지컬 영화인데 사운드 녹음 엉망 남주는 춤도 못 추고 내용은 뻔할 뻔 주인공들 목소리도 너무 안 어울리고 어제에서 뛰어나가려다 참았습니다 진심 말리고 싶습니다 영국의 저예산 용 영화뮤지컬 영화 아닙니다 맘마미아 도 안됨,0
3234156,어린 나이에 봤음에도 꽤나 좋아했던 로맨틱 코미디,1
6245450,게이물인 줄 모르고 봤네,0
5249559,알 바는 꺼져라,0
8570013,이 영화 머야 내가 왜 받아 봤을까 그것이 알고 싶다의 영화는 배우들과 스텝들이 감독의 꼭두각시였음,0
8880577,대라니 최악,0
6197121,정말 아름다운 영화입니다,1
9169160,자극적인 것에 익숙해진 현대인이 봐도 눈을 떼기 힘든 연출력,1
10066840,뻑뻑 잘 읽어볼 걸 나도 당했음,1
8681070,정말 짜증의 극치를 보여주는 영화 굉장히 언밸런스한 느낌 뚱뚱하고 못생긴 남자애의 발연기를 시종일관 봐야 하는 게 고역인 듯 간간이 흘러나오는 잔잔한 클래식풍의 음악조차도 듣기 싫어 짜증 날 정도로 상당히 싫은 영화,0
6077668,감동 감동ㅜㅜ 정말 최고네요,1
6555618,별점 주기도 아깝네요 얼마나 내용이 진부한지 욕 밖에 안 나오네요 보고 재밌다고 하는 사람 초등학생들인가요 죄송해요 너무 화가 나서 아무것도 볼 게 없습니다 보지 마세요 그냥 디비 판짜 집기 한거 같네요,0
4989285,나 웬만해서 짜증 안 내는데,0
1711932,돼지 피 먹고 닭 목 따는 장면에선 우웩 역시 무당은 아무나 하는 게 아니다,0
1870395,버려,0
9829888,유치하고 지루하고 잠이 왔다,0
8333987,유풍 판타지 점만 가져가,0
8126489,윤종신 복귀는 좋았지만 이 하늘은 도대체 왜 뽑혔는지 알 수가 없다 참가자 실력을 따지기 전에 심사위원 인격과 실력부터 쌓고 오시길 어하 어허 그만 좀 하고요,0
81637,광장 한 작품 옛날 것도 보고 싶다,1
23929,내 생의 최고의 영화,1
6663588,어린 시절 너무 무섭고 재미있게 봤던 추억의 판타지 영화 절대 나쁜 짓은 금물 지옥 가요,1
5503928,기존 멜로 영화 형식을 탈피하려고 하였으나 감정의 절제가 지나쳐 너무 담백한 영화,0
6344106,난 사랑비 서준에게 쏙 빠져버렸네 초만에 쏙ㅋㅋ난 절대 잊지도 않고 후회도 안 할 거야,1
10149152,이 영화를 보니까 교훈을 주네요 나도 남은 인생을 화려하게 살아야겠다 말밖에 안 나오네요,1
9295404,나름 추억에 젖어들고 좋았음ㅋㅋ아무생각없이 가볍게 보고 오기 추천요,1
9603725,단순한 싸이 코물을 벗어난,1
9163009,이게 연도에 만들어진 건가요 아니면 예전에 만든 거 다시 개봉한 건가요ㅠ너무 허접해요 ㅠ,0
9418231,너무 사랑스러운 영화다 ㅠㅠ 보고 연이어 봤다 너무 귀여워 ㅠㅠ,1
9687122,청춘 영화만이 줄 수 있는 감성이 넘쳐난다 이 순간 지나가면 다시 돌아오지 않을 테지만 그 순간만큼은 무한할 젊음이 줄 수 있는 그런 감성,1
4038387,용 건담 시리즈 중에서 아직까지도 최고봉,1
8913715,개콘은 요즘 갈수록 코너들이 다로 잼이고 웃음이 안 난다,0
7927383,사다코의 한이 서린 우물 펀치ㅜㅜ 감동,1
8508764,후세와 사랑하게 된 결정적 계기 그 시간이 표현되지 않았으며 사람의 생명을 빼앗아야만 하는 이유 등을 시노가 출현하는 연극으로 더 알려주었으면 하는 생각이 든다 또한 시노가 얼마나 본능을 절제이면서 시랑을 하려고 노력하는지를 더 보여줬다면 좋았을뻔했다,0
3403149,새벽시간에 하는 일본 영화들은 전부 개 졸작이다 일본 영화 원래 다 이래,0
1119950,강수연의 나가있어 그리고 최정원의 신 음식,0
6976560,아 정말 김혜성 너무 예쁘네요 이현진도 웃는 거 정말 하,1
4817061,가발 쓰고 싶다,0
1025241,화려한 여정이 인상 깊어요 ᄏᄏ재밌어요 ᄏᄏ배두나 연기 정말 잘해요 ᄏ,1
2922082,대들을 위한 성적 호기심 영화,0
5444748,감동적인 영화,1
9363921,이건 말이 필요 없다 그냥 닥치고 봐라,1
2361255,각기 다른 사람들의 재밌고 멋진 사랑 영화,1
2385954,역시 미국 드라마의 파워 정말 알 수 없는 그 미묘함까지 사로잡아버렸다 최고,1
5686473,너무너무 훈훈하네요,1
7227535,이거 응답하라에서 은지원 원도 스스로 욕하지 않았나 ㅋㅋㅋㅋ,0
1508152,아 너무 웃기고 배꼽 빠질뻔했네 내 컴퓨터에 이 영화 있는데,1
3943125,구성이 상당히 부실한 영화 역시 네이버 평점은 믿을 수 없다,0
1922525,장 끌로드의 몰락을 가져온 오우삼 할리우드 작품 중 가장 재미없었던 졸작,0
9039778,언제 적 영웅본색 연출인지 현실성 제로인 영화,0
7805059,작은 거 하나에도 설렜던 학창시절 그때 그 느낌을 다시 느껴볼 수 있는 시간이었다 장면 하나하나 대사 하나하나 배경음악 하나하나 버릴 게 없는 드라마,1
9324383,진심 재미없는데 너무 평점 높아서 화남,0
9150201,더럽게 재미없다 어떤 형태로도 와닿지 않는 허무하고 완벽히 지루한 영화 고 영양가 하나도 없는 영화다,0
7473724,이승기 정말 연기 잘하는 조연들도 연기 정말 잘하고,1
7573034,현실은 꿈 꿈은 현실,1
4550192,오늘 현충일 특집 프로로 보게 되었습니다 연도의 매우 훌륭한 작품입니다,1
1347002,판의 미로와 동급,0
6590993,제대하고 보니까 더 재밌네요 ㅋㅋㅋㅋ,1
6580205,영화를 보는 것만으로도 마음의 휴가를 다녀온 느낌 소박하지고 잔잔하지만 지루하지 않은 그래서 다시 보고 싶은 영화 햇살 가득한 비이의 부엌과 요리도 인상적,1
9666256,코믹한 건 좋았는데 짜임새가 너무 허술하다,0
9967162,년 그때 당시에는 우리나라에 이런 판타지 로맨스가 없었다 아직도 신현준의 황 장군 연기는 음 괜찮네 ㅎㅎ한석규의 전성시대가 열린 영화 이때 한석규한테 뿅 갔었다,1
5304583,일단 재생하면 괴물 같은 서스펜스 귀신같은 흡입력,1
8309459,아 진짜 댓글 보고 한 번쯤 볼만한 영화인 거 같아서 봤지만 기가 찬다 이게 무슨 버킷리스트인가 죽기 직전에 소원 들어주기 내가 보기엔 죽기 직전에 막 살자 인 거 같다 감동도 없고 진짜 버킷리스트 란 영화에 발톱에 때만큼도 못 따라가는 쓰레기 영화 완존 실망,0
8010423,이 시간 좀 밝고 긍정적인 드라마 보고 싶어서 보긴 보는데 오버하는 연기들이 거슬리네요 연기인 게 너무 표나 조홍 혜정 역이 그나마도 훈련기도 하고 시원하고 나 머진다들 답답하네요 낼 월요일인데 해피한 것만 보고 싶네요,0
7712668,정치인의 모순인가 정치범의 모순인가,0
5923805,어떻게 이런 상상을 대단하다,1
5613442,좀 어렵기도 하고 전쟁에 대한 묘사가 잘 모르겠다,0
4193028,일본에서 주년 극장판 만드는데 우리나라에선 주년으로 재개봉하니 이건 좀 ㅄ 아님,0
9103654,한대희가 개그콘서트 본다고 내전화 끊음 개그콘서트 없애주세요 ㅡㅡ,0
9737474,한물 간 동서양 두 배우의 싸움판,0
8711262,푸하하하 이거 기대 안 했지만 역시나 구만ㅋ,0
4437265,세계 최초의 반공 애니메이션이라는 역사적 가치가 있다,1
36087,감각적인 시각으로 바라보는 색다른 느낌의 사랑문학적이,1
10114923,엄마는 무고한 지 딸을 감옥살이 시켜시켜 이해 안 돼요,0
3988502,이 영화는 제발 책을 보세요 감독이 미친 겁니다 이따위로 만들어놓고 화가 날 정도 ㅡㅡ,0
512688,신나는 흑인음악과 아이스 큐브뿐 남는 게 없다,0
10010968,더럽게 재미없네 시간이 돈이다 내 시간은 어쩔 건데,0
3265565,그저 한마디뿐 알리시아,1
8890254,진짜 생생하게 느낄 수 있었다,1
9119967,재밌는데 평점이 이상하다 싶을 정도로 낮다,1
7435669,옥소리 프로필 사진에 점 남기고 갑니다 ᄏᄏᄏᄏᄏᄏᄏᄏᄏᄏᄏᄏᄏᄏ 정말 대박이다 진짜 아우 짜증 나,0
7603466,드라마 너무 재밓당,1
8055931,아 진짜 너무 좋아요ㅜㅜ짱짱,1
2182684,연기 굿,1
8154957,이런 영화 다시는 안 나오겠지 그때 시절을 잘 나타내주었던 거 같아요 ㅎㅎ,1
3545895,중간 정도부터 봤는데도 꽤나 대단하군요,1
9414462,콩은 까야 제맛 콩은 까야 제맛,0
6291727,이적의 소설 재미없다,0
3427286,액션 영화가 아니다 범죄 누아르 영화다 하나 범죄 누아르 영화로서도 실패작,0
1207277,뭔가 알 수 없는 매력에 빠져드는 영화,1
8670966,모녀를 토막살해한 살인자가 부성애라니 말이 되나 감동받은 사람들 본인들이 피해자가 돼도 감동받았다고 할 수 있을까 진심 묻고 싶습니다,0
6871120,재밌는데 평점이 왜 이렇게 구리지,1
5124760,아 기 이걸 본 내 눈이 아깝다 ㅡㅡ 진짜 아놔 진짜 그 명작이네요,0
6931068,필름값이 아깝다 재미 더럽게 없다 점부터 점수 준거들 매미,0
1618314,또 보고 싶은데 어디서 보죠,1
4289323,영화 재미있지만 ㅎㅎ,1
8381652,남주인공 연기력 안습이네요 혀 짧은 소리 듣기도 너무 힘들었네요 매니저 역할 분이 남주인공 하는 게 훨씬 좋았겠다는 생각이 들 정도 영화 자체는 적당히 볼 만합니다,0
8557261,점이 딱 액션 스릴러인데 액션과 스릴이 없다,0
3187395,완전 스토리도 엉망이고 완전 비추ㅜ,0
10274403,영화 뭘 전달하려는지 모르겠네 오글거리고,0
2523528,좋은 영화,1
7041870,더빙이 이상해요 할머니는 원래 익숙한 ㄷㅔ,0
9268003,이게 편이 나왔어,0
917164,모든 게 씩 다 부족했다 아니 씩,0
1595727,정말 말 그대로 쇼하는 영화,0
10079284,년 전에 봐서 기억이 나질 않지만 전개가 천 카이거 감독 이름 석자는 기억해 두었던,1
9077483,정은지 언니 연기 잘하고 노래도 잘 부르시고 마지막 회 웃으면서 즐겁게 봤습니다 트로트의 연인,1
1724444,이게 웃겨,0
7124022,망함,0
6409443,아이의 시선으로 보는 전쟁 보는 내내 가슴이 먹먹했다는,1
10243387,사람들이 재미없다고 해서 레알 기대 안 했는데 생각보다 볼만함 근데 여자애랑 복순이랑 다투는 장면 그건 굳이 없어도 됐다고 생각함 몰입도 겁나 없애고 어색해 보였음,0
2577310,설정이 연속극 같은 느낌이 든다 하지만 배우들의 연기가 뛰어나다,1
4523923,여주인공 인터뷰할 때 지루해 죽는 줄 알았음 ㅡㅡ 그냥저냥 킬링타임용 스릴러,0
7862272,전미 박스 오피스 위 ㅋㅋ 그냥 몰아주기 하는 건가 어떻게 이런 영화가 위를 하지 옛날 연대 우뢰매 수준의 물 폭탄 싸움이네 ㅋㅋ 손에서 빔 나가나 손에서 물 폭탄 나가나 다를 게 뭐지,0
573776,감독이 여자다 보니 기량이 많이 딸리네,0
9056760,또 보고 또 울었다,1
9643549,이런 영화는 하나의 개연성만 없어도 허무하게 만들어 버린다 조디 포스터의 이쁜 모습만 남을 영화,0
6081437,굳굳,1
9907350,스토리도 말이 안 되고 개막장 사랑 이야기도 아니에요 이걸 보고 계신다면 당신의 시간과 돈을 아낀 거예요 후 그래도 본다면 호구,0
4445737,네놈을 살려두기엔 쌀이 아까워 세기의 명대사,1
6969112,평점이 너무 높다 전혀 재미있지 않았다 쓸데없이 말만 많음 이런 유의 영화는 조연들의 뒷받침이 중요한데 조연들의 내용 자체가 전혀 없음 또한 여배우도 별로 매력 없었다 이틀 전에 저스트고 위드 잇의 애니스톤을 보고 이 영화를 봐서 그런가 실망했음,0
5149470,맛깔나는 드라마,1
7696175,시베리아인가 거기 가서 훈련할 때 나오는 개작살,1
9197636,이건 시종일관 질질 왜 제목이 야경꾼 일지냐고 지금 회가 넘어가는데 즉 달이 넘어가는데 앞에서 누군가가 얘기하더니만 이거 부작이냐고 그러다 또 한순간에 모든 걸 후 진짜 지루함의 지존,0
7303814,나이 들수록 이해가 가는 영화,1
6256531,ㅠㅠ 슬픔,1
7860179,장면 개연성도 없고 아역은 연기도 못하고 무슨 추노에 나오는 민폐언년 외국판인 줄 초반만 그럴싸한 저급 영화,0
4813296,이 영화 정말 별로예요 결말이 이상해요,0
8153915,딱히 재미는 없네요 킁,0
9698597,송강호는 정말 연기를 하기 위해 태어났고 그로 인해 우리는 즐거움을 느낀다 역시 송강호는 연기파다,1
9936129,일본 영화 수입 금지 시절에도 비디오테이프로 돌려봤던 불후의 명작 아 그립다,1
7758340,살인을 소재로 한 영화가 이토록 재밌을 줄이야 살인에 대한 감독의 해석이 정말 재치 있다 대 배우님들의 여 년 전 모습도 새롭웠고 ㅋ 정말 유쾌하고 재밌다,1
7983475,누미 라파스 신봉선 닮아서 안 본다,0
6986888,케이블에서 그만 좀 재탕해라,0
220218,멋졌다 정말이지 멋지다는 말 이외엔 할 말이 없다,1
8730958,년에 어떻게 이런 영화가 만들어졌는지 의문 당대 최고의 영화 지금 봐도 퀄에서 결코 떨어지지 않아요,1
7717145,지금 이거 티브이로 돈 내고 보고 있는 내가 한심하다,0
7713083,쓰레기 연예인 재기의 장 그러나,0
5941602,굿 좋아,0
472846,많은 감동을 준 드라마이다,1
9796817,발로 만든 영화 지진 나서 주인공 넘어지는데 뒤로 사람들 유유히 걸어 다니고 있음 발 발연기 발에 나리오 내용도 정말 뭐 같음 ㅋㅋㅋ,0
7049293,적당히 해야지 언제 끝나는 것인가,0
214940,잊을 수 없는 안개 낀 워털루 다리와 마스코트,1
8520381,곤 사토시 감독 년 안타깝게 돌아가셔서 가슴이 먹먹합니다 정말 천재적인 감독인데 암으로 가시다니 ㅠㅠ 이제 와서 다시 봐도 모든 작품이 대작,1
9360766,많은 생각을 하게 됐습니다 예 뼈지고 싶은 맘은 있었지만 과하면 독이겠네요,1
8830133,아 스무 구만 없어지면 별 가줄게,0
10043297,어릴 땐 조폭영화로 알다가 나이가 들수록 이게 인생이구나 하고 뭉클해지는 영화세상을 살아가면 갈수록 와닿는 게 많아지네요 세상은 비정하지만 비정함마저도 따뜻해지는 게 친구라고,1
3398464,영상이 너무나도 멋지다,1
1576800,비디오가 있어서 봤는데 연도인 줄 모를 정도로 잘 만들었습니다 긴장감도 있고,1
4913424,처ㅝ주,1
9182989,년에 만들어진 것치곤 재밌음 영화가 길어서 좀 다듬었으면 소재도 좋고 몰입감도 기대 이상 매끄럽지 못한 부분도 있지만 연기는 둘 다 잘한 듯,1
8189929,철 지난 조폭 코미디와 뼈대 있는 가문의 이야기를 섞었지만 둘 다 지루하다 박정아를 비롯해 배우들은 보기 민망한 연기를 펼치고 기억에 남는 건 하나도 없다,0
8823884,군더더기 없이 잘 진행되는데 재미도 없는 게 문제,0
10052602,심심해서 봤는데 재밌네요 탑 연기 못할 줄 알았는데 배우 포스나 고 잘하군요,1
7728430,고다미 괜찮음,1
1374993,아 지대 짜증 아빠랑 봤는데 민망해 죽는 줄,0
6394494,점은 못 주냐,0
3743025,빠순이 영화 ㅋㅋㅋㅋㅋㅋㅋ 훈훈하고 재밋쎠,1
1699544,최악의 애니메이션 지루하고 재미없고 스토리마저 진부하다,0
6352418,좋은 의도와는 다르게 불쾌한 표현법,0
2211206,줄리아 로버츠 귀여운 연인은 이거보다 년 전 거다,0
10212408,신선하네,0
9751638,예술가로서의 한 사람의 인생과 당시 시대적 상황을 질 느낄 수 있었던 명작,1
10225984,관객 수가 너무 아쉬운 영화 베테랑보다도 더 류승완 감독의 역작이고 더 강한 악역이다,1
5591006,한창 핵 펭귄이 남북 거짓 평화로 전 국민을 속이던 때 만들어진 영화,0
9793236,지금 티브이에서 하는데 못 보겠다,0
9502251,여자애 한 명이 잘 못해서몇명이죽는거야ㅋㅋ답도없다ㅋ,0
8504382,성룡의 헐리웃작 중 단연 최고지 ㅋㅋㅋ,1
2092294,안습,0
4930770,감독의 의도를 전혀 알아차리지 못했다,0
5402666,하나님이 가정을 온전히 만든다 진리의 신분이 만든 영화 눈으로만 보지 말고 마음으로 봐라,1
8198021,편도 나름 흥미진진한데 피운 헤드가 죽은 게 좀 아쉬운 점이랄까,1
9823215,국산 코미디 영화 중에서 난 신라의 달밤이 제일 좋았음 뭔가 푸근하고 따뜻함,1
9569992,최악이다 영화 보다가 잠 오긴 첨임 지루해 둑을 뻔,0
7751180,탄탄한 배우들 될 고 머 하는 건지,0
9467674,영화가 점점 끝을 달려갈수록 몰입도가 더 높아진 영화는 이번이 처음이네요,1
9954533,결국 감독 자신이 하고 싶은 의견을 지존파 핑계 삼아 하려고 한 듯 지존파 살인은 정당화하고 정부 탓이었다는 사회 탓이라는,0
8555924,사실 여부를 떠나 알고 왔던 아더와 너무 매칭이 안 되더라 원탁 기사 중 실제 검술 최고수는 랜슬롯으로 알고 있는데 트리스탄보다 못하고 싸우는 검술은 마치 중국 검술 흉내 낸 거 같은 게 그리고 난 슬롯이 실제는 쌍검이었나 너무 매칭이 안대 하여튼 ㅋ 기니 비어 역도 미스,0
5277723,대한민국 영화 수준의 평균치를 하락시키기에 충분한 급 영상물,0
7917426,점은 없나,0
5767948,재밌는데,1
6237814,재미없다 기대 정말 했는데 완전 못함 실망,0
2334468,종착역 없는 인생의 대유 트레비스는 단지 흘러간다,1
9831680,돈과 시간이 아까운 영화,0
9751497,내러티브는 하나도 없는 예쁜 음악 동영상 취미로 영화 만드는 것은 이걸로 끝나길 잘하는 음악에 올인하길,0
8117850,배우들의 연기는 좋았는데 뭘 말하려는 건지,0
6277438,학위 위조성 범죄자 문제자들만 모아서 영화 찍음 왜그랬으까 제작비 아끼려고 패자부활전 하냐,0
5878347,솔직히,0
9465707,완전 재미있어요 애들도 보기에 알맞은 듯,1
9405373,잔인하기도 하고 무서웠어요ㅠ탑은 멋있더라고요,0
4758250,무섭지도 않고 기분만 나쁘고 쩝,0
3644982,군더더기 없는 깔끔한 그러나 강한 메시지 전달 뜻밖의 참 좋은 영화,1
9724344,이 영화는 최고다 그냥 최고야 그런 줄 알아,1
9040261,그랜드 부다페스트 호텔과 시리즈 같네 캐스팅이 아까워,0
6824144,빨리 감기해서 봤음 투자비는 많이 들었을 것 같은데 영화사 망했네ㅎ,0
10184469,도대체 뭐가 재밌다는 건지 모르겠네요 무슨 아이언맨 시리즈의 개그도 뛰어넘는다 하는데 어디서 웃어야 할지도 모르겠고 내용도 뭔지 뜬금없는 히어로 놀이는 또 뭔지 왜 이렇게 평점이 높은지 모르겠습니다,0
9589406,왜 극을 끌어가는 중심 있는 캐릭터가 있어야 하는지 알게 된 영화 살인마와 대적하는 그리고 사건을 해결하는 인물이 없고 그리고 왜 마지막에 다 탈출 해놓고 나서 잡히고 죽임을 당하는지 이해할 수가 없다 대체 조달환 정유미는 왜 나옴,0
4879638,진 짜 리얼 개 쓰레기 영화 다 보고 나면 정말 찝찝해지는 영화 절대 보지 마,0
9915234,비록 로봇이지만 점차 인간의 감정을 가지고 자신에 대해 고민하면서 결국 인간이 되어 죽는 앤드루의 모습 내가 봤던 영화 중에서도 최고의 감동을 선사한 영화,1
3274253,영구와 땡칠이 시리즈는 레전드 영화다,1
8652917,초등학생 때 친척 형이 비디오로 빌려와서 봤던 기억이 난다 너무 재미없었다 근데 나중에 우연히 다시 보니 재밌더라 그땐 왜 그렇게 재미가 없었을까 년이면 내가 초등학교 학년 때니까 사촌 형이 당시 나름 최신 비디오를 빌려온 거 같다,1
1043813,지루할 만큼 고요하고 서글픈 시선 속에 머문 깊은 성찰과 사색,1
10221467,영화 진짜 보고 펑펑 울었습니다 너무 슬픈 거 같아요 ㅜㅜㅜ,1
1656447,누가 더 혀 짧은가 내기하면 박빙일 것 같다,0
1911721,애 둘 딸린 심은하의 그 눈부신 미모 아름다운 영상 메인 주제가,1
10080984,기 나오겠죠 아직 안 풀린 이야기들이 많은데 극장판은 정말 시간 가는 줄도 모르고 봤네요 역시 깡패,1
9999070,개나 잼 뭔가 스토리도 부족하고 다 이상함 진짜,0
8063353,답 없네 뭐 하는 건지,0
7685723,절망과 슬픔 속에서도 자신을 챙겨야만 하는 삶의 잔인함을 거부한 비참함에 대하여,1
6641262,페이스 허가 같음ㅋㅋㅋㅋㅋ,0
9219254,시간이 흘러도 퇴색되지 않는 맛이 있는 영화,1
9673595,진짜 어마어마한 여운을 주는 멜로 영화에요ㅎ,1
9855049,소피 마르소와의 말 같지도 않은 불륜이 내용 다 망침 물론 실제 역사에는 그런 똥 같은 이야기는 전혀 없었음 주인공 죽을 때 공주는 살이었음 한마디만 약 미국인과 맞서 싸우는 아메리칸 원주민의 자유 투쟁기였으면 절대 아카데미상 못 받았음,0
3877797,훈훈하고 따뜻한 부정을 느낄 수 있었음,1
7679615,잼,1
8888834,전 정말 재미있게 봤습니다,1
9298858,어딘가에서 일어나고 일일 것 같은 느낌이 강하다 우베볼이 이런 영화를 만드는 이유는 누군가 실제로 따라 했으면 하고 바라는 것 같은데 정장 월가 있는 애들이 보면 웃겠지,1
10232830,림프비즈킷의 만 점 개봉 당시 극장에서 봤는데 영화 내내 오우삼 죽이고 싶었던ㅋㅋ,0
8057595,견자단 대박 엽문 시리즈는 계속된다,1
6989907,정말 오월의 멜로는 정말로 보고 보고 또 봐도 계속 보고 싶은 영화 순위 순위다 하 늦은 밤이라 그런지 야릇한 느낌이 들었다,1
3829341,흥미롭게 봤어요 여배우들 이쁘네요 반했음,1
8313164,스토리 액션 그래픽 머 하나 건질 게 없는 망작 그냥 게임으로나 즐기셔,0
9964594,그냥 레전드다 레전드,1
10107265,평론가 명치를 겁나 때리고 싶다 정말 이 영화 재미없을 거라 생각했는데 재미도 있고 내 인생에 도움이 가장 큰 영화입니다 본인이 깨닫고 싶으면 꼭 보세요 인생을 바꿔줄 겁니다,1
9753915,키아누 리브스 최고의 액션 영화,1
7778515,소재가 아름다운 영화 다소 아쉬운 부분들이 있는 이유는 이 영화는 영화스러운 극적 로맨스보단 좀 더 사실적으로 한 남자의 마음과 시선을 말하고 싶었기 때문 아닐까,1
3562504,영화평론가는 아니지만 좋았다 한번 보고 마는 영화가 아닌 울림이 있는 영화,1
5523522,역시 효는 역시 재밌다ㅋㅋㅋ 재탕 중,1
7448331,대강,1
8939261,간첩 색 휘돌 애쓴다 밥은 먹고 다니냐,0
7857671,좀 검증된 애들 좀 출현시켜라 이탈리아 특집 장난하냐,0
142324,아 정말 짜증 나네 절대 보지 말걸 욕 나옴,0
5427136,슬프다 ㅠㅠ,1
2331482,최악의 환경 속에서 이런 만화라도 만든 사람들에게 경의를 보낸다,1
8648758,여운이 엄청 길게 남는 영화 이이경을 사랑하게 하는 영화,1
4779812,이딴 게 한국 영화라니,0
8497657,짜가인가 이게 뭐야 뭔,0
9456842,굿 자 이상 가나다라,1
8665016,최고다ᄒ 혼자 자식 키우며 살아온 엄마 그의 아들 힘들게 살아오면서 서로 예민해지고 날카로워질 때도 있었지만 결국 가족ㅎ 아빠라는 사람도 생각보다 최악이 아니고 여자는 확실히 요구하면 도와준다는 그 말이 왠지 짠하게 와닿는다ㅎ 나 혼자 괜히 끙끙거리지 말자ㅡ이런 단순한 생각이 든다,1
8896748,도 별로고 전개도 별로고 연기도 별로고 한마디로 재미없다,0
3107684,번지수 잃고 갈팡질팡,0
5549220,너무 사랑스럽고 감동적인 영화 정말 좋았어요,1
7538996,최고의 영화,1
9113253,년 전 영활 다시 보니 공효진 코 평수 줄이고 콧대 높였네 정말 못생겼어 ㅎㅎ호 권상우는 화산고 때 왼쪽 팔자 심하더니 지금 사라지고 더 잘생겨졌고 장혁은 멋지게 늙었네 ㅋㅋㅋ 다시 보니 웃겨,1
5025054,말랑말랑,0
7648726,공부 열심히 합시다 공부 안 하면 저런 인생 삽니다,1
7084152,그냥 최고다,1
8937659,전쟁 이후의 아픔을 잘 그린 영화 마지막 장면이 압권 유대인 줄 알아 더럽게 여기나 도움이 필요하니 동행했던 토마스에게 더러운 유태인이라고 말한 장면 그러나 유대인인척한 사실 유대인 가족사진을 보면서 미묘한 감정들을 사슴 인형을 밟아까며 대변한다므찐영화,1
10147064,오랜만에 동화 다운 동화를 본 기분이다,1
10001967,감사합니다 정말로 감사합니다,1
4655750,그냥 둘 다 변태,0
6167275,샤넬의 인생과 성공이 아니라 샤넬과 그의 남자들,0
4877829,영화가 내용이 없다,0
9601176,십수 년의 세월을 찰나의 순간처럼 찰나의 순간을 영원한 기억으로 남기는 시간의 상대성 이론에 관하여,1
8216491,니노의 이중인격 연기 두근거리네요,1
10242465,보다가 울컥 핫 영화 재미도 있고 먼가 감동적임,1
3231034,열정만으로 돌진하고 싶게 만드는 영화,1
9248386,연기력에서 유혹하지 못한다,0
5483898,난감하다 재미도 없고 세상을 깜짝 놀라게 하는 센세이션도 없다,0
6302401,아무리 노력했어도 차이나타운을 대놓고 베낀 것은 용서가 안 됨,0
9200443,신화 파이팅 에릭 파이팅 모두 힘내요,1
7654525,엔딩이 너무 슬퍼요,1
3960206,영화관에 가서 보면 더 좋았을 건 어린 시절로 돌아간 느낌이 들어 만감이,1
7561877,정말 최고였어요 ㅠㅠ 이민정 씨와 신하균 씨 연기 너무 좋았어요,1
8781402,몇 안 되는 재밌게 본 영화,1
8825291,교양시간에 보고 좀 충격 먹은 영화 마지막에 너무 슬펐다 빨갱이라 소리 지르던 문초가 갑자기 다른 단어를 말한 건 선생님에 대한 그리움 미안함 슬픔이었을까 몬 초가 마지막에 좀 울먹인 거 같기도 하고,1
1033103,잘 봤습니다,1
3379092,안 무서워 귀신이 아기라 그런 건지 그냥 깜놀하기만할뿐이야,0
5785985,뭐 하자는 건 쥐 모든 것이 다 어설프고,0
5842441,배우들의 따뜻한 연기도 일상의 힘겨움을 그리는 현실감도 다 좋았어요,1
3249844,남자배우들 정말 미스 캐스팅 연기력 안습 조은숙 김유미 연기 땜에 참고 봤다,0
9853892,차 세계대전 피고 진 청춘들 무기와 기술력은 세기 전쟁을 일으킨 정치인들과 전쟁을 지휘하는 고위 장교들의 생각은 세기,1
5414569,책과는 분명히 다른 시선 괜찮네요,1
5059623,내가 이거 왜 봤지 싶은데 한예슬이랑 김태희 나와서 본 듯 적월도 개 선생님 ㅋㅋ,1
9762198,솔직히 점 때가 뭐냐 약간 더러운 장면만 빼면 정도다,1
9808764,와 이 연서님 신인답지 않은 연기력 잘 봤습니다 다음 작품에서 또 뵙길 바랍니다,1
10018872,반전이 전부가 아닌 영화 몇 번을 봐도 또 보고 싶은 영화,1
7871532,피해자만 있고 피의자는 없는,1
9488543,개답 답 먼 주인공이 제 혼자 복수도 못함 주변에서 해주길 바라는 민폐녀 아직도 끌려다니고ㅡㅡ,0
7360385,신선한 소재 화끈한 액션 스피디한 전개,1
10131631,이 영화의 박자는 디테일이었다 정말 시가전의 퀄리티는 완벽했고 남자의 사랑에 대한 묘사 작중에 한석규는 누군가를 사랑하는 마음은 정말 디테일이 대단했다 마지막 얘기의 완급조절이 완벽했다 이 영화가 정말 멋졌다,1
9342020,탕웨이 찡 그녀 만으로도 점주기에 충분하다,1
5351337,감동적인 영화다,1
5686145,당시 대박 쳤던 영화 괜찮다,1
8392466,억지스러운 시나리오 지루한 전개 편 보다 못한 구성 등 편은 안 나오는 게 나았다망작배우들이 영화 보는 눈이 없어서 안타깝다,0
3398398,ㅋㅋㅋㅋㅋㅋㅋㅋ 반도 안 되는 영화,0
2504572,이 영화가 평점이 높은 이유를 모르겠어ㅡㅡ,0
1747519,평생 기억할만한 영화 정상적인 소재는 아니지만,1
9972054,요즘 상황 보고 이 영화가 생각났다,1
10226361,많을 것을 생각하게 만드는 영화입니다 마지막에 사람들이 짐승으로 보이고 아수라가 사람 같아 보였습니다,1
6150881,진짜 재미없는 영화 공통점 스포츠 영화 군대 영화자막 나오는 영화,0
3800651,로버트 드 니로의 광기의 복수 연기를 만끽할 수 있는 수작 서스펜스 스릴러물,1
8705316,감동 감동 감동의 도가니탕,1
8164006,세계 어디서나 정치 경제 문화 사회 전반에 걸쳐 변화가 절실한 상황이지만 변화를 가져올 방법이 없다는 게 함정인 것 같다,1
501464,귀여운 벤지 똑똑한 벤지 예쁘고 귀여운 친구 압삘럽 ㅎ,1
2163194,당시 개봉날 보고 울면서 나왔다 돈아까워서ㅋㅋ,0
10242398,정말 최고의 영화,1
9733856,잔잔하게 숨 막히는 영화 연출이 대단하다 곳곳에 숨어있는 복선 치밀하다 싶을 정도로 섬세한 감정 표현 거기에 김영애의 연기까지,1
9990660,시나리오 연출 연기 어느 것 하나 갖추지 못한 시간이 너무 아까운 억지 싸구려 중국 신파 경극,0
10055131,거부하는 몸짓으로 저 하늘을,1
7086350,그만 빙빙 돌리고 밝혀지게 하면 안 되나요 보려다 아직도 질질 끌어 짜증 나 안 봄 여기서 또 사고 터져 또 질질 끌면 진짜 짜증 날 듯 빨리빨리 밝혀질 건 밝혀지면서 반전이 있든지 작가님 이 드라마 사랑하고 재밌는데 너무 끌어 짜증 나요,0
9849333,졸면서 봤다 왜 이리 평정이 높은 겨 내용도 별거 없고 아오 감수성 영화냐 이거,0
2626505,기대하지 않았던 영화의 아름다움이 밀려온다 꽤 괜찮다 알던 영화,1
6237908,진짜 한 번만 더 이런 영화 상영하면 용서하지 않는다지 금 영화 보면서 카톡하고 있음 아놔 진짜,0
9484080,살아는 있지만 생동감을 잃은 박물관,0
9578706,노땅들의 한심한 추억 미화,0
4996289,어릴 적에 눈물 흘리며 웃던 기억에 간신히 찾아 다시 봤네요,1
1109987,인종차별과 유괴라는 두 주제의 불협화음,0
7551529,고명환이 연기가 저냐 아니면 돈이 없어 쓴 거냐 후자라면 볼 가치가 없는 영화,0
5080819,속편에서는 주인공이 전작처럼 앨빈의 밴드였으면 좋았을 것 같다 캐릭터 추가로 더 이상 해진 듯,0
156982,혼자 보긴 너무 아깝다 년 올해의 영화,1
8082654,마지막 결투씬 최고 ㅋㅋ 폭풍눈물에 팝핀현준 할아버지 ㅋㅋㅋ,1
9659875,ㄵ 점대,0
9215986,좋아 상술 최고 아니 선 게 술 최고,1
9076407,쓰레기 함부로 버리지 맙시다,1
9265375,글쎄 나와는 안 맞는 성향의 영화 중 하나는 들을 만함,0
3978509,즐,0
9293103,막장도 재미가 있어야 보지 재미도 없고 짜증만 난 남녀 주인공이 어울리면 참고 보겠는데 진짜 안 어울리고 웬만하면 다 재밌게 보는데 진짜 내가 본 것 중 제일 최악이었음 아무튼 주인공들부터 시작해서 성격 개 이상함 조기종영이 답이다,0
7931340,줄리 델피는 나이가 들수록 멋지다,1
3382430,내가 본 일드 중 최고,1
9880437,역시 명작은 명작이다,1
10153465,글쎄요 뭐랄까 영화 제목을 잘못 보고 착각한 내 잘못이랄까,0
10049872,그냥 기독교 영화네요 좀 더 깊이 있는 내용을 기대했는데 실망입니다 영화도 뭔가 엉성해요,0
9427493,그냥 책으로 읽는 게 더 절절하게 다가온다 영화는 내용을 너무 비약하고 삭제해서 행간을 잃어버렸다 책에서 꽉 찼었던 느낌과 반대로 모든 것이 엉성하다,0
6629097,너무나 감동적인 영화,1
9995177,스킨헤드 형님들이 이 영화를 싫어합니다,0
9600841,자동차 마니아인 나의 평점은 점 이하 속았다 아오,0
9244416,나 이거 보고 인형 절대 안 삽,1
6159178,정체성은 사치인가,0
10059230,나이 먹은 아저씨들이 일진 놀이하는 영화 개 역겹다 알 바 풀었냐 현실감 게 진짜 개제로,0
9988541,남극은 왔는데 그만 길을 잃었다 오르지 못할 곳은 오르는 것이 아니다,0
7790870,재밌음 귀엽고 신남,1
8130040,포스터는 진심 개쩐다 엑소시스트를 능가하는 공포물 같지만 실상은 처키보다 못한 영화,0
5398829,시청률은 개뿔 존나 재미없어 이제 보니 가 사극 너무 못 만드네,0
7141862,요즘 재방 보는데 너무 재밌는데 왜 시청률은 저조했을까 싶네요 둘 다 귀요미,1
8605792,연출 연기 영상이 아름다운 영화입니다 저예산영화인 관계로 스펙터클은 부족하지만 한국 영화계에 새로운 바람 희망 다크호스가 될 것임을 믿습니다 많은 응원 부탁드리고 벌써부터 일찍 관람해주신 분들 진심으로 감사합니다,1
8852339,평점이 왜 이렇게 낮 지난 이거 또 다운로드하고 있다 번체 정말 잼 있던데 끝에 견자단하고 대빵하고 싸울 땐 정말 가슴이 뜨거워졌다 난 정말로 재밌게 봤다 최근 댓글이니 내가 알 바 아닌 줄은 알 거다,1
5924043,이게 어떻게 평점이 낮을 수가 있지,1
10095254,블랙코미디 조롱 대상이 우린데 기분 더러워서 점수 주겠냐 성기 노출 등으로 어 그로 나 끌고서는 ㅉㅉ,0
7545407,촌 동네 조폭 삼류영화 가끔씩 툭툭 들이미는 유머도 영 생뚱맞고 촌스럽기까지 하다,0
1028779,점 만들기,1
5947102,스타뎀 형님의 얼굴에 먹칠을 한 영화,0
29672,할 남자 몸매 보면 기분 좋나,0
8673629,안 봐도 별점 한 개 주고 싶은 류 영화 같다 ㅋㅋ심형래 아저씨와 동급 감독인 듯 ㅋㅋㅋ,0
9922565,정말 완벽했다 최고의 영화 중에 꼽히는 영화,1
9869002,조잡하고 유치한 저예산 류 급 영화다 스토리에 깊이감도 없고 전체적으로 루스하다,0
8622080,진짜 뭐냐 민국이나 지아는 더빙 더 이상시키면 안 되겠네 더빙이 얼마나 중요한데 이런 애들을 시켜 데뷔도 안 한 애들을 연예인 이해도 뭐라고 하는 판에,0
8954713,그냥 재미가 없어요ㅠㅠ,0
1998203,쇼를 해라 쇼,0
4355661,중심이 약하니 언저리 가지고 무리한 승부수를 띄운다,0
247380,주연배우들의 이름만 기억에 남,0
9149689,그냥 안 보는 게 이득,0
8931143,키기 키기 키기 키기 키기,0
5364316,박얘쁜 빠수니 죄다 없어져 버려,0
9915858,진짜 짜증 나는 영화,0
9985367,불은 잘 보이지도 않고 사람 죽어나갈 때는 엄청난 웅장한 음악만 나오고 전혀 마음에 와닿지 않는 설정들,0
6438587,망작,0
9678213,상당히 재밌게 봤습니다,1
4602811,내 코끼리 내 놔가 더 재밌음ㅋ,1
586485,코믹은 코믹으로 봐라 패러디하고 카메오들 보는 재미도 있다,1
10101756,유치 짬뽕이네 딱 초등 학년 영화다 초등학교 자녀 있는 가족분께 추천함,0
9425646,후속 지금이라도 나와라 한국 애니 좀 살려보자,1
4376802,를 통해 봤는데 정말 재밌게 잘 봤어요 요 근래 본 영화 중 최고인 듯,1
7806661,기대 않고 봤는데 찰지게 만든 토종 누아르네 흥미진진하다,1
6238614,성인영화를 가족영화로 만들려 하는 멍청한 자막 제작자가 마음에 안 들어서 점,0
720113,일본인 특유의 어색한 연기 여주인공 연기 너무 못해,0
7674213,전반적으로 무거운 느낌의 영화네 요가 비의 향과 맛처럼 씁쓸함이 느껴집니다 장윤현 감독님께서 커피 부분에 관해 신경을 쓰시다 보니 연출 부분에 있어서 좀 미흡하지 않았나 싶고 배우들 연기력은 괜찮았습니다,1
9719704,전작보다 재밌다 배우 내용 모두 세련됨,1
8679307,진지하고 무거운 소재를 경쾌하고 재미있게 만들었다,1
6148658,유럽 작품상 탈만한 유럽에 중요한 얘기 또한 픽션,1
4550608,풍성 정은 어떻게 된 거지 ᄏᄏᄏ과도한 압축으로 개연성 없지만 배우들이 호화로워서,1
9353256,이 영화 구성 좋다는 분들 ㅋㅋ아마 친구랑 같이 영화 보고 님들이 영화 좋다고 재밌다 하면 같이 본 친구들은 이해하지 못할 겁니다 ㅋㅋ진짜 최악 최저 스토리 주인공 행동 개연성 없음 캐릭터 간의 이해관계 최악 ㅋㅋㅋ갘ㅋㅋ이렇게 허접하게 표현된 영화 간만이라는ᄏ,0
6082274,이젠 그만 보고 싶은 막돼먹은 스토리텔링,0
8935552,말이 필요 없다 로맨스 싫어하는 내가 봤을 때 기절할 것 같았어 ㅜㅜㅜㅜ,1
10257700,제 취향적이고 우울한 마음을 완전히 날려버리고 슬픈 내용을 본 뒤 마음을 정화시켜주네요,1
9437693,영상미가 역시 최고네요,1
6825866,끙,0
9326219,역시 한국 영화는 보지 말아야 돼,0
455825,괜찮은 영화,1
208558,요즘 재밌음,1
10038451,소재는 참 좋아서 삼 점 준다 제작된 영화는 공포도 스릴러도 아닌 본분을 잊은 드라마 아닌 드라마 같은 느낌이다 연기 연출은 괜찮았다 다만 시작부터 끝까지 지루할 뿐이다 또 어떤 장면들은 살짝 유치했다,0
8411258,남자인데 보는 내내 울었다 딸 낳으면 잘해줘야지,1
9566485,안타까울 뿐 안타까울 뿐,0
6027897,영웅은 사람들이 원하기 때문에 만들어지는 또 다른 희생자다,1
6361907,그냥 평작 욕까진 안 나오고,0
10149061,극장 가서 안본 내 머리를 깨버리고 싶네요 제 인생 최고의 영홥니다 키이라 작품 중에서도 최고일 듯 알럽 키이라,1
1135339,중고생들의 마마 추어 포르노,0
9134639,비디오 물이냐 동시상 영물이냐 넌 정체가 모냐,0
8759753,이건 말로 설명할 수 없는 유치함이다 진짜 필름이 아깝다,0
5658983,이승연의 강렬함이 묻어나는 영화 그러나 홍경인은 너무 불쌍하게 나옴,1
2955927,드릴 브라에서 뿜었다,0
8821260,부족한 영화가 아닌 부족한 영화 감동이 있다길래 참고 끝까지 다 봤는데 진심으로 이렇게 재미없다고 느끼는 건 처음,0
8384832,계몽영화의 한계를 고스란히 답습한다,0
3711748,우와 정말 오랜만에 통쾌하게 웃었네요 ㅎㅎ 내일이 기대됩니다,1
8759142,청춘에는 마침표가 없다,1
7459571,세 얼간이 아줌마 나와서 한번 본 건데 실망 신선한 반전을 주고 싶었나 본데 개연성도 없고 뭐 이런,0
9618670,좋은 소재에 만족할 연출,1
522869,심혜진이 나와서 겨우 저 정도라니 실망이다,0
9505968,아들놈은 끝까지 아빠한테 미안한 감정 없어ㅠ 소재가 신선했는데 영화 자체는 메시지도 모호하고 스토리가 짜임새 있지 않은 것 같다,0
8567896,창업을 꿈꾸는가 좋은 아이템이 있어 사업을 하려 하는가 그렇다면 기를 쓰고 이 영활 보기 바란다 그 멀고 험한 여정에 스승이 될 것이요 지침서가 될 것이다 혹은 단념에 도움이 될지도 참 오랜만에 박장대소하며 본 독립 영활세,1
2828148,슬픈 액션 영화치고는 실망이 크다 부자간의 배신과 원망으로 끝나는 것이 너무 허무하다,0
9087701,명화에서 이거 보고 움 진짜 감동적,1
8775560,낰였다 티 프리미엄ㅡㅡ 인간적인 면이 좀 맘에 들어서 좀 줬다 근데 진짜 이선균 정재영 김상중 연기파배우들 불러 노코 이딴 쓰레기 영화 찍냐ㅡㅡ 진짜 영화 보는데 계세 지루하고 괴로웠다ㅡㅡ,0
2956430,너무나 따뜻하고 감동적인 영화,1
6984995,급영화도 안되는 일 점도 아깝다 네이버는 마이너스 점수도 만들어 달라,0
5875641,스토리의 부진은 액션의 재미까지 반감시킨다,0
9674250,누구나 ㅡ낄수ㅣㅆ느덕을 영화화함 굿,1
9698428,시종일관 오락가락 말하고자 하는 게 뭔지 모르겠다 감독자기만의 세계에 빠져 만든 것 같은 영화,0
1956819,왠지 모를 색다른 감동을 주는 영화이다,1
9352399,전주영화제에서 봤었는데 너무 늦게 개봉한 듯 종교와 업에 대해 한 번 더 생각할 수 있게 만든 영화 저예산으로 만들었으나 감독의 노력이 느껴져 큰 박수를 보내고 싶다 파이팅,1
10270814,보는 내내 웃었습니다 재밌네요,1
5787812,사랑에 상처받으면 다시 치유될 수 있을까 하는 생각이 드는 영화,1
1353144,극장 가서 본 영화 중 쓰디쓴 아픔을 처음으로 느끼게 해준 퍼스트,0
8422811,최고 더 무슨 평가가 필요한가 탑,1
1268778,자신의 삶에 대해 다시 한번 생각하게 하는 영화,1
9062386,알바 놈들 양심도 없냐 뭘 보고 십 점주는 거냐,0
9589263,연도로 돌아가게 해준다는 ㅡㅡ,0
9589188,끼워 맞추기 개쩔던데 반전 하나 보고 와하는 인간들 이해 불가,0
8029041,우웩 개랑 무슨 짓을 했길래 후세가 태어나 일본 놈들 진짜 정신 상태 이상하네,0
8181452,이 영활 보고 나면 흐뭇해진다 영화는 한국이 더 잘 만든다는 걸 느끼게 되니까,0
1633598,자기들이 뭔데 대우를 까냐,0
10095078,재밌고 짠하고 그게 매력입니다,1
7622143,와 ㅠㅠ 내 머릿속 지우개 이후에 진짜 슬픈 영화였어요 ㅠㅠ 마지막에 눈물 폭발 ㅜㅜ 오늘 이후에도 또 보고 싶네요,1
9102887,월요커플 짱짱 덕분에 아주 재미있게 보고 있습니다,1
8206148,터키 특집 액션은 스키 추격이 기억에 남고 소피의 소피에 의한 소피를 위한 시리즈로 저 무어 시절보다 재미는 조금 떨어진다,1
1509830,수많은 최루성 멜로는 여기에서,1
499334,내 평생 최고의 걸작 현실 건너편 세계를 잠시 엿본듯한 느낌,1
6662535,내 인생 최고의 영화,1
4881827,진짜 추천해요,1
9825558,포스터가 사기 너무 현실적이어서 배우들은 심각한데 빵빵 터지는 화성남 김성녀 아 슈발 지는 혼자 내리면서 본전 생각에 담배 피우는 남편,1
5043859,머가 마술이라는 거야 나 죽기 전에 외계인 만나볼 수나 있을지,0
5409088,참 재밌는 영화 ㅎㅎ,1
8962807,빨리 좀 끝나라으이그 처음엔 재밌는 줄 알았는데 이게 뭐야 이리 재미없다,0
5943761,극에 전혀 몰입 안 되는 장면 이어붙이기식 단순 진행 연출력이 형편없음,0
5536004,자막 제작자가 써놨듯이 막장임,0
6932147,그리 무서운 수도승이 물에 쉽게 떠내려가네,0
6484469,이게 왜 주온보다 평점이 높은지 이해가 안 간다 이 영화 맨 처음 여배우가 물 대포 쏠 때부터 웃겼다 포스터가 더 무섭다 영화 상영시간 내내 포스터만 보여줘도 충분히 지린다,0
10004793,진짜 신기하다는 말밖에 안 나와,1
9391681,좋은 배우들을 데리고 작품의 부족함,0
8130315,아니 왜 좀 대라니 근래에 본 다크 히어로 무비 중에서 최고였어요 아주 그냥 고스트 라이더에게 걸리면 스치면 사망인 거예요,1
7392240,묵직하게 시작해서 우습게 끝남,0
8772531,내용 전개가 엉성하고 지루할 정도로 재미가 없음,0
1367092,돈뭉치로 귀싸대기 명장면이다ㅋㅋ,0
8495001,고고하자 ㅋㅋㅋ,0
1185788,쓰레기 영화,0
8824834,너무 일찍 슬픔을 알게 된 제제가 안쓰럽다 책으로 읽고도 눈물이 났는데 영화도 마찬가지다 어린 나이의 제제는 슬픔을 너무 일찍 알아버렸다,1
14513,정말 비디오마저 돈 주고 보고 아깝다 최악,0
4357478,말 그대로 둑에서 볼 영화,0
6021189,내 인생 최고의 영화 년이 다 돼가는데 아직도 아련하고 애틋한 기억,1
7287648,감독ㅡㅡ다신영화찍지마라,0
10253977,육감적인 섹시한 여인들의 존재 자체가 이 영화의 전부,0
9992205,영화 첫 도입부부터 카메라 각도라든지 화질이라든지 겁나 구림 영화 아닌 줄 알았음,0
8026930,진정 좋은 영화란 볼 때 당시 재밌다 도 있지만 두고두고 기억나고 생각나고 또 한 번쯤 보고 싶은 이런 영화가 아닐는지요 ㅋㅋ,1
8043001,박사 아들 정시현 정말 멋져요,1
2168829,편이 너무 좋아서 편이 너무 묻힌다,0
6377552,할 말이 없다,0
129805,난 별로던데,0
5661543,이런 영화가 참 좋다,1
542441,곳곳에 번뜩이는 아이디어 아기자기한 구성이 돋보이는 수작,1
4592004,우아 새벽에 보니까 무섭네 ㅠㅠ 미스터리와 에로스와 스릴러를 겸비한 영화,1
7963429,짧지만 정말 재밌게 잘 봤어요 윤계상 능청연기 좋고 잘 됐으면 하는 생각을 계속했네요 ㅋㅋ,1
7175213,에린이 초반에 타던 차 현대자동차 프레스토 네오 보면서 추억이 세로 세록,1
9905070,남들이 철학적인 영화라고도 하지만 단순 액션용으로 봐도 이 정도 점수는 나와야 된다,1
529768,효과음이 기가 막혔던 영화,1
9040274,솔직히 평점 점 이상은 돼야 되는 거 같다,1
3208499,난 강혜정이 일본 가서 찍은 건가 했네ㅋㅋ닮은것같다는 생각이 들었을 뿐이고,0
6731536,일본 영화 좋아한다면 꼭 봐야 할 영화,1
6615814,진짜 이건 아님ㅋㅋㅋㅋㅋ 액션 영화 좋아해서 액션 영화만 다운로드해서 꾸준히 본 게 벌써 몇 년인 사람임 근데 이건 진짴ㅋㅋㅋㅋㅋㅋ아무리 점수 잘 줘도 점 만점에 점ㅡㅡ돈주고봤는데너무아깝다진짜ㅜㅜ그리고대체 왜 구역 타이틀을 달고 나왔는지 모르겠음 실망,0
5529456,가슴이 먹먹하다 뷰 옥을 왜 이제서야 알게 됐을까,1
7393226,커스틴 때문에 좋겠다,1
10036253,보는 내내 찝찝하고 영화가 끝나고 나서도 불쾌했다 중년의 남성이 이렇게까지 추잡해 보일 수가 있을까,0
5812647,진짜 킥 이유로 이렇게 어이없고 재미없는 영화는 처음입니다 진짜 돈 아까운 적은 두 번째라,0
9713238,진짜 재미없다 영화관에 삼십분 정도 늦게 들어갔는데 사람이 한 명도 없고 그 이유를 왠지 알 것 같네 정말 비추요,0
8717232,년에 본 영화인데 솜이랑 키 작은 남자 살아서 나감,0
8342710,ㅋㅋ 조금은 유치했지만 왕조현 주윤발 이것만으로도 충분히 볼만했다,1
8920121,난 솔직히 재미없었어 코믹 요소가 없어서,0
6148289,싸구려 왜색 영화 키 작고 교활한 일본원숭이들의 망상 사무라이 정신도 나온다,0
9208964,재미있게 봄 감동적이고,1
10095017,아니 찍어놓고 모니터링 한번 안 하나 어떻게 염치 업이 이런 걸 극장에 걸 수가 있지,0
10010400,영화산업이라고 하잖는가 이딴 식으로 홍보 해놓고 속여서 팔았다는 게 소비자 입장에서는 짜증 난다 그나마 다행은 아주 싸구려를 상급풍으로 속여판 게 아니라는 점 그래서 점 차라리 연상호 감독 작품처럼 홍보가 됐다면 그 비슷하게 만이라도 하지,0
6486325,정말 감동이다 ㅠㅠ 박신혜 짱 이뻐요 ㅎㅎ,1
9028463,절망 속에서 결국 빠져나온 눈물겨운 실화,1
1253368,국민학교 다닐 때 이거 동생이랑 보다가 눈물이ㅋ,1
297077,욕망이라는 이름의 전차,1
8599155,디 워랑 같은 부류 저예산 저렴한 마구잡이 연출,0
8740203,무기여 잘 있거라는 보는 내내 손에 땀을 쥐고 본 첫 번째 애니,1
8804100,배우들 연기력이 아깝다 별 한 개도 아깝다,0
5950829,딱 연대 코미디 영화,0
3895103,어릴 때 진짜 재미있게 봤음ㅋㅋㅋㅋ,1
9146695,정말 최고의 영화 고 마지막 아이들의 노래와 비행기가 정말 잊을 수 없는 여운을 남긴다 이런 영화를 이제 알게 된 것 자체가 후회될 정도로 잔잔하고 깊은 여운이 남는 영화,1
4993640,보면서 어이없어서 헛웃음만 나던,0
5794799,악역인 금단비가 더 주목받았다는 것은 주연 여배우들의 미스 캐스팅을 의미한다,0
1118508,보고 나서도 내내 여운이 남는 영화,1
3488301,절대로 보지 마라 보면 후회한다 이걸 영화라고 만든 거냐 볼 사람은 뇌를 놓고 보아라,0
7749595,무슨 내용인지 도통 모르겠다 쓸데없이 특별해 보이려는 시도에만 열중이었던 영화,0
9804254,기쁨 슬픔 생명 그리고 죽음 인간의 역사 속에 거대한 하나님의 우주적 섭리가 느껴지는 영화 특별히 어머니의 역을 맡은 여배우의 여성미와 자애로움이 인상적이다 인생을 살면서 그런 존재가 된다면 영상미 예술이다,1
9109132,이게 뭔가요 내용도 없고,0
10136005,평점 어마어마하게 높네 빨리 낮춰야 할 듯 점이 적당한 영화,0
9272388,이야기도 보통 재미있고 점 정도는 아니라고 봐요 점점 정도인데 고릴라 제작한 거도 잘했긴 했고 하지만 감동은 보통 아쉬운 결말,0
9832161,솔직히 웬만한 공포영화는 다 섭렵할 만큼 마니아인데 주온은 정말 무서웠었다 아직까지도 샤워하면서 머리 감을 때 공포를 느낀다 누가 나를 쳐다보고 있는 느낌이라서 이 느낌 나 말고도 겪어본 사람 있을 거야 그만큼 당시에 대단했던 영화다,1
6106079,아름다운 영화였어요,1
6760555,정말 광해와 비슷한가,1
8658227,조쉬 하트넷 특유의 여성들을 자극하는 나약한듯하면서도 남성적인 이미지를 작 부각한 듯,1
3284962,정말 속은 느낌이다,0
9814376,몸매 베드신 보기 좋다고 한 사람은 영화 안 본 사람,0
9093996,잘 봤어요 외모뿐만이 아니라 여러 가지들을 따지며 사랑에 빠지는 것이 아니라 하려고 하는 요즘 사람들에게 좋은 영화인 거 같아요,1
8891326,최악의 쓰레기 어설프려고 정말 노력했다,0
8016672,콜린 파렐,1
9884619,난이게 제일 재밌었는데,1
3095788,난 좋았는데요 괜찮았어요,1
7008459,영화보다 댓글이 더 재밌어,0
8365221,에라 미친 사이코드라마야,0
7326531,모든 일본 문화가 들어가 있다고 할 수 있을까 최고의 사극,1
8415974,엄청나게 기대를 하고 본 게 아니라 괜찮았던 듯,1
8488748,더빙이 똥이야,0
5235134,안타깝네 이해를 못 하는 사람들 속출 불교적이고 철학적인 작품,1
7441317,진짜 이런 개 씨바ㄹ 같은 영화 개 시간 낭비 의미도 없고 무섭지도 않고 내가 웬만하면 공포영화는 즐겨 보는데 이건 진짜 같다,0
7403099,색다르고 재밌는 영화였음 실제로도 이런 일이 있다면 참 재밌을 것 같음 막장 막장,1
57586,어떻게 봐요 꼬옥 보고 싶나 여,0
5141238,정말 식상하다 못해 촌스럽기까지,0
5575615,종교적 분위기 물씬 풍기는 최루성 가족영화,0
765033,재밌다,1
286680,그냥 살지 그랬어 이성재만 멋짐,0
9694445,음악영화라 나에겐 취향 저격이지만 비긴 어게인처럼 대중적으로 흥행하긴 힘들 영화네요 하지만 여주가 너무 매력적이에요 ㅎㅎ,1
5256752,별 개 선택 왜 없어요 솔직히 별 반 개도 아깝다,0
5316818,돈에 미친 남편과 아기에 미친 돈 있는 남자 그 속에서 갈등하는 여자,0
4929205,어린이의 시점에서만 볼만하겠지 오로지 어린이의 시점,0
7764248,잠을 청할 수 있었다,0
5610275,좋아하는 사람의 뇌가 아니던가 정말 난해함 결말 왕실만 임,0
4975754,전작에 비해서 왠지 허탈하다 카이사르도 전작이 더 멋있는 듯하고,0
8098297,김민종 최고 더 잘 되시오,1
4437772,공격적인 재미 유순한 여성성 일기토 지략 삼국지의 그것과 맞짱,1
8750781,점수를 주고 싶다 년에 이 정도 밖에 못 만들었다는 게 충격,0
5317808,비디오테이프로 좍좍 감아가며 봤던 영화 가장 슬펐던 영화,1
7941197,도입부를 제외하고는 따분 헬기에서 민간인을 마구 쏴 죽이는 미군 베트콩 여성 스나이퍼 등 현실감 없는 극단적인 설정 라이언 일병에서의 업해 그리고 이 영화 주인공인 조커 두 너무 모두 내가 싫어하는 캐릭터 착한척하면서 주위에 피해를 주는 놈들,0
8392485,재밌는데나만 그런가 참고로 우리나라 까거나 하는 건 하나도 안 나옴 그냥 자기들끼리 소설 쓰고 자기들끼리 자위하고 자위대도 등장하는데 그 사람들도 자위나 하고 있음 일본 감정 다 떠나서 과학도로써 과학적으로 볼만한 영화였음 신선함,1
9551603,제 취향은 아니네요,0
1128434,평점 조절,0
8098523,점도 아까운 쓰레기 영화 전작이 아까움,0
9969680,일편에 비해 삽질하는 브리짓이 쪼끔 짜증 날 때도 있었지만 그래도 여전히 사랑스럽다ㅎ 콜린 퍼스와 휴 그랜트를 한자리에 모아놓은 것만으로도 좀 줘야 함,1
7467524,지금까지 본 아이리스 시리즈 중 최악이다ㅠㅠ 이거 해도 너무하는 거 아닌가 수치스럽다 연기고 자시고 다 떠나 너무도 할 접합,0
9375027,연기력 때문에 할 말이 없다 정우성과 고소영이 왜 그토록 흥행작이 없는지 알고 싶으면 비트에서 연기하는 거 봐라,0
10079804,전라도 노예 업주 처벌 안 받았나요 이슈가 안됐네요 그러고 보니,1
4459001,배우가 아깝다,0
1971330,볼만 한데,0
8777093,결말의 의미 공자가 자연에 숨어사는 노자에게 말했지 짐승도 끼리끼리 사는데 사람이라고 따로 사냐고 진정 순수함은 더러운 것 사이에서도 그 빛을 유지하는 것,1
746383,크리스 터커 최고 삼 ㅋㅋ,1
10106046,믿고 보는 덴젤 워싱턴 근데 모레 쓰는 왜 이렇게 후덕하지,1
9456361,나오코 진짜 집중 안 된다,0
2461114,감독이 밥은 먹고 다니는지 궁금하다 배틀 로열 이후로 최고 쓰레기,0
4854124,아 재미 너무 없네요 시간 아까워요,0
3352939,난 재밌던데ᄒᄒ,1
8225461,어떻게 상류층의 속물근성을 정당화시키면서 미화시킨 지 모르겠다 감독이 국회의원이나 사회적 강자한테 아부하고 싶은가 봐요 그리고 얼굴만 예쁘다고 왕 되는 것은 맞지만 드라마라도 도덕적으로 표현 좀 해야 되는 게 아닌가요 감독님 정신 차리세요,0
4728005,가만히 보고만 있어도 씩 웃음 나는 행복한 가족의 이야기,1
8761788,사고 후 잠시 정상인이 되었던 일탈,0
7094992,좋은 영화,1
7915590,이거 예전에 나온 거 같은데 재미네,1
8693853,샬라샬라 나오다즁자쥬아,0
6714986,감독의 옹졸함과 치졸함이 묻어나는 영화,0
5073654,팔빠다 ㅋㅋ,0
1227060,재미없음,0
8331844,무슨 생각으로 만든 걸까,0
9594029,스토리도 흥미롭고 배우들의 연기도 인상적이다 충분히 볼만하다,1
5683859,내 인생 최고의 미드,1
9907691,이 영화를 보고 사랑하고 싶다는 생각을 했습니다 청소년 관람불가임에도 선정적인 장면은 나오지 않았습니다 연인 혹은 솔로이신 분들에게 추천합니다,1
10103306,일본 공포영화는 링 주온 이후로 망했음,0
5850503,지루하다 지루해,0
10070313,를 직접 겪은 어르신들 얘길 들어보면 그 당시 잔인한 학살은 대부분 주민들 서로 간에 주로 하층민들의 복수심에서 비롯된 또는 군경이 빨치산 학살한다며 벌인 살인이었지 정작 북한군은 민간인들한테는 잘해줬다고 하던데,1
6475186,그냥 다큐일 뿐,0
8058599,전짜리 영화는 아닌데 개인적으로는 평균평점 점 정도의 가치는 한다고 본다 스타일리시한 영화 ㅋ,1
8217932,정말 질질 끌고 작가님 제발 좀 적당히 하시죠는 희수 역 맡은 사람도 그만 나쁘게 만들지 아침드라마가 막장이네,0
3134317,어이구 괴물 그래픽이나 좀 다듬지 그게 머니 다 티 나게 공포영화보다 웃은 건 첨이다,0
5725614,대표적인 쓰레기 김치드라마,0
1251944,네이버 별점 꽤 신뢰도가 높네 요점 이하는 안 보는 게 좋을 듯,0
9836293,남주 헤어스타일 왜 저래 가게분신노찌쯔,0
3935543,이런 영화는 두 번 봐야지 안다 작은 일에도 크게 화를 만드는 저 나라의 국민이 인상 깊다,0
9329701,김명민이 약 구해서 차 탔을 때 진짜 설마설마했음,0
6987687,보지 말아라 재미있든 재미없든 진짜 찝찝하고 기분 더러운 영화 공포영화 사이코 영화,0
4268313,짝퉁 쓰레기,0
8751084,이거 시청률이 너무 낮은데 명작이고만,1
9579206,현실감 제로지만 배우들이 너무 좋았어요 특히 다니엘 헤니를 많이 볼 수 있어 좋았어요 같은 남자지만 게이는 아닙니다 다니엘 헤니 최고 설경구 씨도 최고,1
6380732,프레디가 나에게 모욕감을 줬다 그래도 프레디라서 좀 준다,0
6730559,잼 없네 요놈,0
10121905,평점이 너무 높군요 원작으로 보심이 나을 듯 짧은 러닝타임에 감사하다고 해야 하나 주인공이 썰매를 타고 목적지에 가니 모든 사람들의 기억이 돌아온다는 황당한 설정이고 인간의 감정을 통제한다는 건 데몰리션맨 이퀄리브리엄에서 봤기 때문에 신선함도 없음,0
8822540,막장 드라마의 원조 격인 영화 근데 이 영화는 확실히 로즈 번이 살린 듯,1
9109790,해군 출신이라 관심 있게 본 영화,1
9953912,파란색 슬픔이 영화에,0
7298459,액션 완전 기차 라리 유오성이 나오는 챔프를 보겠다,0
9355956,폭풍오열ㅠㅜㅠㅍ퓨ㅠ,1
4329345,착한 영화 그리고 재미없습니다,0
1504875,사소한 이야기조차 눈을 뗄 수 없게 만들던 거장의 솜씨 예전 장이모우 그립다,1
8960254,내가 본 영화 중 베스트 안에 듦 진짜 꼭 보세요,1
7589723,지금까지 본 페이크 다큐영화 중 제일 별로,0
9797993,재미도 있고 공감도 되는 누구나 즐길 수 있는 독립영화,1
1180080,시미즈 레이코의 만화책 비밀에서 영향받은 거 아냐 똑같아,0
8293622,기존 한국 영화에서 느끼지 못한 색다른 느낌 상업적이기보다는 새로움에 도전한듯한,1
4431197,장난 하나 반전 같은 거 있을 줄 알고 끝까지 다 봤는데 진짜 아와 시간 아까워,0
8937179,예고편을 왜 하는 건지 모르겠음 예고편에 나오는 건 하나도 안 나오고 예고편은 대판 쌈질하는 것처럼 나오더니 하하 호호 하고 끝남 예고편이 무슨 뜻인지를 모르는 건지 시청자들을 호구로 보는 건지 낚시질 좀 그만하시고 차라리 시청률 걱정되면 폐지해,0
8846509,난 프랑스 영화가 이래서 좋다,1
9335640,쓰레기 쓰레기 쓰레기 쓰레기 쓰레기 쓰레기 쓰레기 쓰레기,0
435623,참 재밌게 봤는데 귀여운 지미,1
4198269,시간이 지나서 또 봐도 정말 가슴 아린 드라마ㅠㅠ,1
5733754,사촌동생들 때문에 같이 보긴 했는데 정말 사촌동생들도 재미없다고 하네요,0
8278608,설득력 없는 꼴통 페미니즘 파미나 치적인 마인드,0
23653,급을 지향하는 급 작품,0
7813287,음 잘 모르겠다 뭘 봐야 하는 건지 소녀 가장 이야기인가,0
5824795,우리와 다르다고 생각했던 장애인이 우리와 틀리지 않단 것을 알려주었다,1
842944,재밌고 감각 있고 쿨한 영화였는데 마지막 결말이 약간 아쉽지만,1
7929874,그냥 재미없네 보던 거니까 마저 봐야지 이랬는데 갑자기 원주민 생활하는 건 진짜 어처구니가 없었음이건 그냥 영화가 아니다,0
10155376,진짜 언제 분이 지나갔는지 모를 정도로 몰입해서 보고 정말 너무 재미있게 봄 너무 아련해서 영화 평 정말 처음 남겨봄 진짜 내가 이 나이에 애니를 보며 이 밤중에 이렇게 울 줄이야 에몽아ㅠㅠ,1
8680215,사과해요 나한테,1
7679026,골목상권에 들어온 대형 슈퍼마켓이 생각난다,0
9989270,평점 조절이 필요하다는 생각이 든다,0
8827685,무협 멜로의 걸작 말해 뭐 해,1
5524686,너무 재미있게 보았는데요 다시 볼 수 없을까요,1
6158788,오글거리고 유치하고 정말 최악이었음,0
307912,절대 비추,0
6082188,한국 건 줄 알았는데 일본 거였네 ㅋㅋ,0
9704763,꽃 한 송이 놓고 갑니다ㅋㅋ,0
9687594,내 삶의 가장 의미 있는 일 중 하나라면 바로 이 영화를 봤다는 것이다 살면서 죽기 전에 한번 꼭 봐야 할 영화,1
9430257,생각보다 볼만했음ㅋ 여주인공이 연기가 좋네요,1
9073274,자꾸 뭘 설득하려 하고 설교하려고 하는 게 보기 거북하다 그리고 결혼반지를 위해 범죄 가담하다니 무슨 개역 재설정이냐,0
7726829,와,0
8213409,제발 전문 성우를 써주세요 ㅠㅠ,0
8544691,살면서 처음 접해본 장르라서 조금 당황스럽다 솔직히 영화 자체는 자신의 색깔에 충실했고 완성도 역시 뛰어난 편이지만 좋아하지도 이해하지도 못하겠다ㅋ,0
6269046,오늘 아이 데리고 봤는데 아이는 좋아하데요ㅎㅎ 미취학 초등 어린이에게 추천,1
5934328,이것을 끝까지 참고 본 내가 제일 자랑스럽습니다,0
7668668,존내재밋습네다,1
5655827,안 봐도 되는 영화,0
4644401,원작 망쳤네요,1
9945284,그냥 주는 거다 점은 아닌 듯,1
705362,나쁘지 않으나 개인적으로는 지루했다는,0
5708802,어이없는 스토리 여자 죽을 때 웃음 나옴 로맨스 영화냐,0
9790871,순수함이 두근거려 좋았다 감독님은 관객들이 뭘 원하는지 잘 아는 듯 여운이 많이 남는다,1
3810929,기방난동 사건 이후 최악의 영화 재밌다는 사람들 믿고 봤더니 다 아르바이트생인 듯 ㅜㅜ,0
6278900,로맨스와 스릴러 짬뽕 놔서 뭘 말하고 싶은 건지 스토리도 허황된 느낌,0
4666521,이건 좀 아니잖아,0
8894910,윤아는 안됨 원작자님 캐스팅에 참여해주세요 작품 망치면 안 되잖아요,1
10067891,지금 생각해도 내가 본 영화 중에 이 영화는 내 생애 최고의 영화였던 것 같다,1
4656042,천녀유혼에 비하면 뭐라 표현하기 힘든 퀭한 영화,0
9541420,불륜을 미화한 영화 남은 사람들은 어쩌라고 또 돈 걱정 따위 안 하는 사람들의 이야기를 공감하라고 강요하는 영화 음악이랑 영상미로 점,0
6206837,최고다 이란 노래는 원곡보다 영화 속 노래가 훨씬 좋아요,1
8970443,소재가 굉장히 신선했다,1
8870035,내 사랑 키아누 리브스,1
9969587,두말할 나위 없이 최고의 작품 인생에 대해서 생각해보게 하는 깊이 있는 영화전 출연진과 제작진에게 큰 박수를 보낸다,1
7666606,솔직히 산만하기만 했다,0
2176436,말이 필요 없지 성룡 영화에선 무언가를 다른 것을 느낄 수 있다,1
10018117,화학을 해서 그런지 잼잇게 봣습니닼ㅋ 옆에 친구 중간중간 놀이해 나중에 해석 ㅠㅠ 잼잇엇숩니다,1
8033328,아직 준비되지 않는 젊은 영화인들요 함부로 장편에 손대지 마라 천천히 공부하고 나와라,0
7088731,으엉 오래간만에 추억 돋아서 봤는데 사실 원작 자체도 두서없이 전개되는데 영화감독은 내용 앞뒤도 없이 막 잘라서 정신없음ㅇ배우들은 책 읽고 특히 대사 그대로 살린 거 오그리지 그 링ㅋㅋㅋ 오래간만에 소설로 읽어야지,0
4883754,개 쓰레기 같은 것들아 감히 파라오 말 액티비티를 팔아먹냐,0
9942955,기억은 조작되기 마련 그 사람이 아니고서는 함부로 말하지 말자,1
9466607,재밌게 봤습니다 그저 문헌에 적힌 문란한 사도세자가 아닌 정조의 아버지로서 그 그릇이 어느 정도였는지 잘 보여준 작품이 아니었나 싶네요 시나리오도 시나리오지만 배우들 연기가 일품이었습니다,1
8933491,휴일 낮에 침대에 누워서 티브이 보다가 영화채널에서 틀어주길래 어쩔 수 없이 봤는데 나중에는 벌떡 앉아서 봤던 영화 정말 몰입되고 나름 스토리도 치밀하고 해리슨 포드 다운 액션 좋습니다 저는 영화광도 영화 평론가도 아니고 영화 자주 보는 일반 남자 사람임,1
5844083,절제의 미학이 아니라 지루함의 극치가 돼버린 안타깝다,0
3674831,영화관에서 보기엔 돈 아까웠다 솔직히 재미없었다 ㅜㅜ,0
1736999,인간의 솔직함을 보여 주고 싶었는가 이런 방법 말고도 다른 방법이 충분히 있을 텐데,0
9845902,정말 사랑에 대해 다시 생각한 거 같습니다 감동이에요,0
7406758,내용은 교육적이나 정말 지루해서요ㅜ,0
9121447,꿀 잼 특히 소유랑 서인영ㅋㅋㅋㅋ매력터져,1
7988084,태어나서 본 영화 중에 제일 재미없었음,0
6880550,화면을 흑백으로 바꾸기만 하면 연대 작,0
9759719,쇼핑몰 안에서만 찍어서 너무 재미없고 답답한 내용도 없다,0
2288547,진짜 쓰레기 영화 돈 아까워 죽는 줄 알았다 여러분 보지 마세요,0
468899,와아오 두근두근 익스트림 자체,1
9736192,폭력 영화 자극적이고 실험적이라고 예술인가,0
9304503,일본 영화랑 비슷한 건 저만 느끼는 건가요 슈트 입으면 미남으로 변하고 마지막에 평생 입으라고 권유받고 창조가 이렇게까지 중복될 수 있는 건지 잘 모르겠네요,0
9231599,진짜 이렇게 재미도 없고 감동도 없는 영화는 처음이네 특히나 박사고 나발이고 모든 인물들이 컴퓨터 할 때 손 찍는데 키보드 누르지도 않고 ㅋㅋㅋ 컴퓨터 화면들은 똑같은 파트만 무한 반복되고 허접해도 너무 허접하네 배우들 연기도 개떡이고,0
5657638,최고의 농촌드라마,1
8239718,독립영화 실력자들의 스타 리그 옴니버스라는 피로감이 극복되는 수준이다 얼음강은 단독 장편으로 만들었어도 좋았을 듯 주인공이 혹여 평소라면 도 공감 안되는 여호와의 증인이라도 납득이 될 정도로 감정을 설득하는 솜씨가 탁월하다,1
9147374,좀비 좀비 그러는데 좀비 아닙니다 우주의 아름다움에 미쳐버린 인간일 뿐 충분히 가능한 일이죠,1
9788286,개 재미없음 막장 스토리 억지 ㅋㅋ,0
502971,뭐하나 흠잡을 것이 없다 최고,1
8837036,가 좋은 영화,1
3059926,탁재훈 나오면 재밌는데 와이라지 스토리 중반부터 너무 쳐짐 약해약해약해지겨워 뒈지는 줄 알,0
4009568,서스펜스도 없고 스릴도 없다,0
3044091,우리나라 정서하고 안 맞다,0
4161935,어디선가 많이 본 흔한 스토리,0
8535856,최고의 드라마,1
9848292,우리 모두는 누군가에게 서머였다,1
1389397,힘 아라이 하나 없는 주인공들 맥이 다 빠진다,0
8014926,너무너무 귀여 운영화,1
518874,전형적인 일본식 엽기 괴짜 코미디 그 특이함에 끌리는 건 왜지,0
6428636,와 이걸 점 이상 준 사람들은 뭐지 나루토 극장판 중에 가장 쓰레기,0
4008401,정당한 노력이란 보상받게 마련이다 나름 일정 성취가 있고 좋은 결실을 거둔 작품,0
7494798,아씨 울었다,1
5954884,기적은 이미 일어났다,1
9718518,아이들과 함께 보기 좋았지만 그냥 그래요,0
4492202,전율을 느꼈다,1
6940155,여기저기 지저분한 내용에 이기적인 사람들의 역겨운 연애사 마지막으로 갈수록 시청률 안 나오니까 막 갈겨쓴 내용,0
8662240,별로 완전 별로 마지막 빼고 너무 유치하고 재미없고,0
9924896,세월이 지나서 다시 보니 뭔가 먹먹함이 다르더군요 공감하는 사람이라면 가슴속에 명작으로 남을 듯,1
8607739,아이들이 보기엔 좋을지도,0
7081837,보니까 선정성이 좀 세 같음 그래도 액션은 좋음,1
8672382,카타르시스를 느끼기에 충분한 값진 영화였다,1
5838594,여주 린지 로언 닮았다 전체적인 분위기나 배경은 좋았지만 내용은 지루했다,0
8747250,당신이 솔로가 아니면 이 영화를 보지 마세요,0
8893010,남이 차 안에서 전화통화하는 걸 분 가까이 구경하고 있으라고 폰 부스는 명작이라 생각하지만 이 영화는 진짜 장난하나,0
4063053,전형적인 저질영화,0
1964094,답을 알려고 하지 마라,1
3748749,재미있음 매우,1
7236510,진짜 잘 만든 수작,1
10110553,제발 좀 찍어주세요 현기증 난단 말이에요,1
3889299,너무나도 따뜻한 마음이 따뜻해지는 한 번쯤 자신을 되돌아보게 만드는 영화,1
3551150,뭔가 조금씩 부족한 영화 놀래려면 확 놀래던지 어정쩡한,0
9855967,이거 참 소재는 참 좋은데 내용 전개가 개판 사람 수도 많고 총도 있는데 그걸 자기들끼리 서로 다 흩어져서 일방적으로 밀리네 거기다 식인종이라면서 표현을 좀비로 해놓으면 어쩌잔 거 야식인으로 인해 인성이 말살되고 짐승화되었다는 표현이라도 있던가,0
6607633,포스터만 그럴싸하다 구역이라는 이름만 가져다 쓴 영화 정말 졸작이다 액션 신도 개 허술하고 스토리도 이상하다,0
10263072,대체 왜 재미없다는 거지 난 존나재밌던데,1
9135211,늑대들의 여정이 너무 낭만적이었던 애니 스토리도 좋지만 음악은 일본 애니 중에 탑으로 뛰어나다,1
8676753,미국 흑인 민권운동사를 완벽하게 요약했다,1
9798776,그가 뛰어내리지 않았다면 어떻게 되었을까,1
9393658,접대는 나와야지 그냥 단순한 액션 공포물이 아닌데도 긴장감 공포감 연출 쩔고 음악도 좋고 몇 년이 지나도 기억나는 인상적인 좀비물인데 평점 너무 짜서 줌,1
6890985,아역 연기는 좋았으나 내용은 쓰레기,0
7060802,진짜 재미없다 극장에서 볼 거 없어서 그냥 스릴러라길래봤는데ㅋㅋㅋㅋㅋㅋㅋㅋㅋ웃음밖에안나온다 혹시나 해서라도 절대 보지 마라 진짜 제발,0
8914565,평점은 믿지 마세요 재밌음,1
1318078,이거 좋다는 놈들은 뭐 하는 것들이야 ㅡㅡ,0
6825739,이게 영화냐 연도 영화냐 쓰레기들아,0
9984617,를 믿으려는 자들,0
9132252,너무 구식으로 웃기려고 함 보는 내내 지겨움,0
9612977,이런 거 좋아하는 사람들 정신세계가 궁금하다,0
8200058,연예계의 현실을 알리고자 하는 마음은 알겠지만 영화의 재미는 없었다 지루해 죽을뻔했음,0
3527577,아주 재미있고 책으로 봐도 정말 재미있다,1
3656988,끝내주게 재밌다,1
6584219,유튜브 동영상을 돈 내고 보는 게 낫다는 생각이 들게 한 영화,0
4919409,아쉬운 점도 있지만 스토리에 맞는 분위기나 배경 지하철 기관사의 삶 등을 잘 묘사,1
8466409,스타워즈 편과 맞아떨어지도록 잘 만든 영화 최고의 에피소드 다스베이더의 탄생과 루크 레이어의 운명을 알 수 있는 레전드,1
8116113,소희가 귀엽다 귀엽다 졸기,1
3436810,소문난 잔치 호화 캐스팅에 먹을 건 없다,0
2074725,주성치 영화 최고의 졸작,0
10181517,구우우웃,1
3217546,딱히 흠잡을 것도 두근거릴 것도 없는 교과서적 플레이,0
9841078,영화의 중심은 역시 스토리 인 것을 반전의 반전 너무 재미있다,1
9025696,이 아니라 이 아닌가,1
4276245,참 재미있었다 연기를 발로하는 삼류배우들 얼굴 보면서 ㅋㅋㅋ,0
6020106,재밌군,1
8705473,이것도 재밌는데ㅋㅋ,1
9810971,점도 아깝다 편 쓰는 것도 귀찮다 보는 내내 오글거려서 손발사라 지는 줄 알았다,0
7852536,기대 안 하고 봤는데 영화 보는 내내 몰입해서 재미있게 봤어요,1
8386647,유쾌함과 스릴러적인 요소가 잘 어울려진 명작 후속작 보다 훨씬 매력 있으면 두고두고 간직해두면서 꺼내보고 싶은 영화,1
39563,좋네 괜찮고,1
7772563,명작 너무 좋았던 드라마 스토리 캐스팅 연기 음악 연출 모두 완벽했던,1
5725103,괜찮은 영화 영화도 괜찮았지만 나영언니완전머싯고예뻤음ㅠㅠ,1
7462757,일단 재미있다 고래 몇 마리로 국가적으로 호들갑 떠는 게 오버스럽겠지만 그런 모습이 우리는 모두가 도와가며 살아야 하는 지구의 생명이란 메시지는 참으로 감동적이다,1
8868808,지금 첨 봤는데 회만 봐볼까 하고 봤다가 주말 밤새 완주하였다 여운이 많이 남는 드라마,1
6933426,애니메이션 뮬란이 아쉽다 전쟁 신도 그렇고 연기도 그렇고 이야기도 그렇고 그저 그래,0
10111771,기대 앉 하고 봤는데 진짜 내용도 좋고 재미도 있네요,1
493092,좋았다,1
1132815,슬픈 맑음 파문에 주목하라,1
10102549,김윤진 좋아하니깐,1
2110412,재밌다,1
10138191,무리수가 되어버린 코미디 기획상품,0
7457162,나 홀로 집에 와 더불어 나의 최고의 영화,1
9167250,나는 떠올랐다 그 옛날 국산 애니 아마겟돈의 악몽이,0
8404879,정말 역겨운 쓰레기 영화다 기술적 수준을 떠나 각본이 무개념,0
2422271,고결한 신사들께서 무슨 짓을 하셨을까,1
7530240,캬 개안음ㅎㅎㅎㅎ,1
9991915,보는 내내 너무너무 재미있었음,1
9988760,김소현 팬 됐습니다 너무 재밌음,1
2615698,피에로와 흑인 남자와 싸웠을 때 재미있었다 ㅋㅋㅋ 아 웃겨,1
7684164,유럽 영화가 이번 정부에 많이 들어와 즐겁긴 하다만 그 내용들이 왜 이리 진부한 걸까 유럽 영화를 욕되게 하고 있단 소리다,0
10020563,웬만한 허접 영화도 재미있게 보는데 이건 도를 넘어섰다,0
2497690,어떤 누구도 다른 이의 삶과 죽음에 대해 왈가왈부할 순 없다,1
8906022,굿굿굿 또 해라 또 해라 제발 ㅠㅠ,1
4133147,주님께서 부르셔서 제가 여기 있나이다,1
9436392,미성년자가 돈 많은 아저씨에게 순결을 바치고 데인 후 결국 정신 차리고 공부해 거 명문대 가는 진부한 결말,0
9840716,정말 재밌게 봤고 빈센트도 꼬마도 연기 너무 잘하네요 ㅎ,1
6170546,솔직히 원작보다 훨씬 낫다 원작 무슨 인간이 말도 못 하게 설정해놨어,1
5383358,말이 필요 없음 아 진심 개재밌다ㅠㅠ,1
10208479,보니까 이 양반이 다세포 소녀 감독이네,0
4761480,굿 잡 친구랑 또 보고 싶네요,1
8180877,재미 진짜 흥하네 근데 이 새끼 관종인가 ㅋㅋㅋ,1
9320316,야경꾼보다 엉망 지루함,0
9661317,예원 찡 그만 울어,1
9444015,근 년 동안 본 모든 영화 통틀어서 최악의 영화 시간이 남아돌 때 봐도 시간이 아까운 역대급 쓰레기 영화,0
7301394,감동이다 참고로 이 영화 보신 분들 마지막 엔딩 부분에 자막으로 나오는 부분 잇죠 이게 영화상에서 실화라는 거지 진짜 레알 현재 실제로 실화라는 말이 아니에요 전지현이 피디잖아요 다큐 찍는 거 그 다큐에서 엔딩 장면이 지 진짜 실제가 아니에요 쨌든,1
8059949,달기지 미니어처 티 팍팍 나던데우뢔매 보는 줄 알았다 혹시 특수효과 감독이 심형래,0
8051141,재미 더럽게 없다ㅋㅋㅋ,0
9146376,야 세르게이 작은 고추의 매운맛을 보여주마,0
9413155,정여립과 정철 기축옥사까지 스토리 탄탄해서 좋습니다 배우들도 연기 참 잘하고 남녀 주인공들 케미도 좋고 챙겨 볼 수밖에 없는 드라마ㅠㅠㅠㅠ,1
8007833,게 영화네요 내용도 없고 그냥 심심해서 만든 영화가,0
8557767,두 개는 주려고 했는데 알바가 많아서 아후 볼 거 없어서 채널 돌려도 다시 다른 데로 돌리게 만드는구나,0
9136302,왜 점은 줄 수 없나요,0
8657974,영화사에 남을 작품 실험영화의 완성본,1
9111762,자식을 그렇게 때리냐,0
8929395,이게 대체 무슨 내용이야,0
7339744,ᄏᄏᄏᄏᄏᄏᄏᄏᄏᄏᄏᄏᄏ 옜다 점이나 처먹어랔ㅋㅋㅋㅋㅋㅋㅋㅋ이게 점급이건 전짜리 내용도 결말도 살다 살다 뭐 이딴,0
9445949,감동적이었고 좋았습니다,1
9830821,초반에 개 재미없었는데 볼수록 점점 재밌어짐 외계인이 내가 알던 에일리언에 나오던 외계인이 아니야,1
9602598,쇼핑백 잊히지 않는다,0
4085435,의도는 좋지만 너무 몰입이 안 되는 걸 어떡해,0
7404128,유치하지만 가볍게 볼만함,0
7628876,화려한 색채 때문에 눈이 아프지만 그 나름대로 화려 연예계 여자 욕망에 대해 표현해냈던 거 같다 보는 내내 진짜 리리코 심정 가진 연예인들도 있을 거 같고 나를 한 번도 보지 못하고 알지 못하는 사람들이 날 어떻게 사랑하냐 그런 대사 나왔을 때 소름 돋더라 연예인들은 많은 사랑 받으면서도 참 허전할 듯,1
3889736,본지 수이 지나도 아직도 생생함 고양이 귀신의 복수가 진짜 무서웠지,1
4070437,영상이 대학교 졸업작품 같아서 그렇지 꽤나 많은 걸 담아놓은 영화임에는 분명하다,1
9445843,최강 전차부대,0
7425748,영,0
7991350,진짜 어이없는 소재라고 생각하며 보는데 개 웃겨 남자로서는 솔직히 조금은 부러울 수도 있는,1
8825761,전기세가 아까웠다,0
10251900,초등학교 때 선생님이 보여주신 영화 시간이 흘러서 기억나는 건 에이즈에 걸렸던 남자아이와 운동화였고 그때 봤던 영화가 뭐였을까 궁금했었는데 그 영화가 바로 굿바이 마이프렌드였다 년 전이나 년 후 나 명작은 시간이 흘러도 명작이다,1
4202224,너무 재밌었어요ㅅㅎㅎㅎ,1
4726967,설리 년생인데 연도 영화에 어떻게 나오죠,1
5466870,샷의 연결이 아닌 충돌만큼이나 거룩한 제목 또한 인상적이구려,1
6077451,ㅋㅋㅋ 재미없음,0
9469311,오오 난 여태까지 맷 데이먼의 최고의 영화는 본 얼티메이텀 라이언 일병 구하기 뿐인 줄 알았음ㅠ 굿윌헌팅도쩐당,1
9726724,이야기 자체가 흥미를 끌지 못하는군,0
7285074,날 로그인하게 만들다니 청춘이 여 영원하라,1
6236997,현정 언니 최고죠 정말 재밌어요 ㅎ,1
7558359,영상미 예쁘고 좋지만 러닝타임이 시간이 넘는데 초반 분에 줄거리 다 나갔고 엄청 지루한 화보집 보는 기분 일본 영화 특유의 그 이해 못 할 희한함이 있음,0
7252691,스토리 연결 전혀 안되고 편집해서 끼워 맞춘 드라마 말아먹은 작품,0
8789344,여자 주인공이 예뻐서 끝까지 봤다,0
247661,지구를 지켜라 혹 이 작품을 보고 만든 건 아닌지,1
10263063,저렇게 힘들게 영화를 만드는데 왜 한국 영화는 다 쓰레기냐,0
6831499,캐릭터가 살아있었으며 미장센이 훌륭했다 이야기는 몰입도 있었고 불필요한 샷은 존재하지 않았다 노인을 위한 나라는 없다 먼저 봤지만 코엔 감독 매력적인 영화를 만드는 멋있는 사람,1
474835,마지막이 좀 황당했지만 좋은 영화,1
3279841,우연히를 돌려보다가 사로잡혔다 최근 연간 본 코미디 영화 중 최고,1
8407277,연 기 굿 파이팅 해요 누나,1
9673323,마이클 베이 최근작을 볼 때마다 느낀다 블록버스터 액션 장르라도 탄탄한 시나리오는 영화의 필수라는 것을 그리고 당신이 기대하던 메간 폭스는 늙었다,0
8121444,점은 없나 점은 너무 후하네,0
10275296,미달이는 연예계를 바라보는 태도를 고쳐야 한다,0
6473973,파괴된 관객들,0
8417568,알코올중독자들 덕에 평점이 낮은가,1
7126211,중견배우들이 만들어놓은 긴장감이 나름 긴장감 있게 싸워보려 했던 도술사들에 의해 헛웃음 나온다,0
8379556,남자 주인공 늑대 인간으로 변하고 끝나네 유 평점 보고 안 볼까 하다가 봤는데 재밌네 유 보다 이런 실물 특수 효과가 더 보는 재미가 있어 유 웃기기까지 하네요 근데 제목 번역은 어느 바보가 한 거야 그냥 늑대 인간이 아니잖아,1
9856453,정말 최고의 명작 성인이 되고 본 이집트의 왕자는 또 다른 감동 그 자체네요,1
6961803,이 영화만 성공했어도 스퀘어가 에닉스랑 합병할 일은 없었을 텐데,0
8681713,울컥하는 사회 현실 ㅠㅠ,1
5348290,기대를 하나도 안 하면 하릴없을 때 보기 좋은 영화,0
9340549,소림사 관문 통과하기 진짜 어렵다는 거 보여준 영화 극장에서 개봉하는 거 반갑다,1
7357684,시리즈 안 나오나 ㅠㅠㅠㅠㅠㅠㅠㅠ,1
9303587,끝난다는 사실이 너무 슬퍼요 가슴이 뻥 뚫려버린 것 같아,1
5990312,청점 조절,0
8149935,와이건 진짜 으리으리한데,1
3544662,손발이 오그라드네요,0
8026126,더빙이 문제가 아냐 내용이랑 그래픽이 전체적으로 글러먹었어,0
9441920,죠스딥블루씨를 못 따라 감,0
8092564,아 진짜 너무 어이없다ㅋㅋㅋ,0
9155066,제목이 잘못됐다 모텔 스캔들이 딱인데 곽지민 본다고 끝까지 봤지만 정말 끔찍하다 모텔 아줌마 억지스럽고 뜬금없고 곽지민 봐서 점 준다ㅋㅋ,0
9884113,점 주기도 아까운 쓰레기,0
8315297,최근 사랑과 전쟁 식의 영화가 자주 등장한다 만약 그런 부류의 영화들이 질이 좋고 평이 높다면 사람들은 욕을 하면서도 찾아볼 것이다 그러나 영화의 질적인 면이 지금처럼 드라마의 수준을 넘지 못한다면 앞으로도 계속 외면받을 것이다,0
3570203,코믹하지도 슬프지도 않고 이런 뭐니 내용은 또 뭐야 가면 갈수록 지겨웠다,0
8827577,류덕환의 신의 퀴즈는 신의 한 수였다,1
8513467,오랜만에 봤는데 편집 대사 연기 오글거리고 좀 안 맞음,0
8477212,귀여워요 에헤헹 패턴 자기만의 패턴 아니 어쩌면 자기 기만의 패턴 턴 너를 목격하고 유턴 아니 어쩌면 너에게로 돌아가는 턴이 그렇게 나는 아직 인턴 너에게 훌쩍 뛰었다 착지하는 나는 영원한 인턴 랜턴 너는 나를 비추는 랜턴,1
6571993,내 아까운 시간을 버리게 한 쓰레기 재미없다 점부터 점수 준거들 창,0
10066732,무릎쏴 일제 사격은 대체 어디서 나온 대본인지요 유명을 달리한 여 군 경찰분들의 명복을 바라봅니다,0
5761414,커트 코베인의 전기를 먼저 읽던지 진짜 고독함은 낭만적이지 않지 이 영화처럼,1
380142,영화는 안 보고 포스터만 봐도 점주기 아까움,0
8673152,팬픽 같은 느낌 만화책으로는 봤지만 애니로는 많이 못 봐서 배속으로 돌려봤는데도 지겹더라,0
7513139,많이 알려지지 않은 작품인데 스탤론에 대해 관심을 있으면 한 번쯤 보게 될 수작 재난 영화,1
4453332,킬링타임용 정말 시간 아깝다,0
5778264,설정만 그럴듯하고 개연성과 플롯은 나 몰라라,0
3799776,평소 시간이 정 가지 않거든 보길,0
7610867,성유리 진짜 짜증 난다 뭐 캐릭터니까 본인은 아닐 수 있지만 일부러 떼 놓는 것도 짜증 나고 그렇게 걱정되면 집을 사주든가 얼른 기억이 다 돌아와서 지각했던 행동 후회하는 것 좀 나왔으면,0
8626168,모든 배우들이 연기력이 굿 최고의 드라마,1
4793069,싸우자,0
573771,퀸틴 타란티노의 포럼을 어쭙잖게 패러디한 졸작,0
9950660,내 생에 가장 아까운 시간,0
10254587,급식충들이나 물고 빨 영화,0
8682535,이 영화를 돈 주고 봤네요 ㅡㅡ 정말이 걸 영화라고 봤다니 앞뒤도 안 맞고 영화가 산으로 가는,0
8045752,너무 재밌다 최지우 연기 잘한다,1
8568063,딱 말해준다 안 나온다,0
8554811,이런 게 말 그대로 재미있는 영화,1
4895219,완전 별로네요,0
8634610,시리즈 중에 가장 재밌다 여기서부터 본격 좀비물,1
3518685,막강 캐스팅을 물타기한 어설픈 연출과 구성,0
1369658,짜장면 되고 싶냐,0
730088,진심성이란 건 기대하지 말라 시각적인 황홀경이나 즐겨라,0
10163485,기존의 매력에 화끈한 액션까지 즐길 수 있는 건 극장판만의 매력,1
8565715,오랜만에 봤는데 요즘 영화보다도 더 재밌어요 마지막에 미그기가 미사일 발사했을 때 대신 전투기가 격추당하는 장면은 정말 압권이었습니다,1
9776308,영화의 큰 줄기는 복수 이병헌이 복수에 성공함으로써 통쾌함을 느낄 것이다 에릭도 총 팔 이의 복수를 위해 등장하는 거임,1
9478880,재밌습니 돠 다다다,1
7555786,ㅋㅋㅋ 산 넘어 산 또 산 넘어 산ㅋㅋㅋ ㅉㅉㅉ,0
10078198,가슴이 뭉클 아름 답 딘,1
6243689,민감한 소재를 어떻게 이렇게 뻔뻔하게 만들 수 있는지,0
1310694,안성기 인생 최악의 영화로 남을 것 ㅋㅋ,0
1203963,정말 감동적인 영화 캐스팅 최고,1
3208409,육식공룡 중에서 빌딩보다 더 큰 공룡이 어딨노 ㅋㅋㅋㅋㅋㅋ,0
6061784,중대 극장 모퉁이에서 봤던 영화 그때의 감동을 추억으로 더듬을 수밖에 없는 쓸쓸함,1
4083134,최고,1
6184795,제발 다른 인간들 보고 욕 좀 해줘라 ㅋㅋ 시간 배우 정말 아깝다,0
4862228,이딴 게 이렇게 평이 높다니,0
1152657,기분 정말 상큼해지는데 ㅋ,1
170754,행여나 여름방학 특선으로 티브이에 하더라도 보지 마라,0
7798485,이야기가 너무 뻔해,0
325071,장선우 여전히 쓰레기,0
6116919,단편적인 캐릭터들과 복잡한 구조가 왜라는 질문만 남게 하는 아쉬운 영화,0
4485436,이런 영화는 별로 코드가 맞지 않는다는,0
7556177,등장인물들 모두 짱,1
9280489,새로운 시도는 신선 해지만 당태종 공자에 이어 이번에도 주윤발을 써야 했는지 중국의 최수종 왕건 대조영 장보고 박태준인 듯,0
2971608,최악의 애니 스토리 연결 안 되고 편집도 엉망에다가 엉성하기 짝이 없음,0
454327,정말 최고의 드라마 외국 드라마 첨으로 깊게 빠져듦,1
158150,무삭제판 보세요ᄏᄏ,0
9320376,매주 기대하게 하는 삼총사,1
8046655,처음엔 뭔가 류 같은 좀비 분장 때문에 보기 싫었는데 보면 볼수록 빠져들게 되네요 정말 이 작품 좋습니다,1
9452145,평점 낮아서 기대 안 하고 봤는데 의외로 지루하지 않게 봤다 일단 배우들 연기가 상당히 현실적이고 리얼해서 좋았음 그리고 스토리 전개 감독이 전하고자 하는 메시지 이런 게 느껴져서 꽤 흥미로웠음 김기덕 스타일 좋아하는 사람은 평점 믿지 말고 볼 것,1
7797601,ㅇ올밴 재편성 때 광희한테 쫓겨나고 이번엔 유세윤 음주운전 땜에 쫓겨나고 안타깝고 실망스러울 뿐이다,0
5198077,그럭저럭 볼만한 장면들 그런데 좀 늘어짐,0
7325345,한국 영화 흥행의 시작점,1
3208927,빨리 다음 편도 나와라ㅠ,1
7508664,멋진 영화화,1
5867823,당시 명 필름을 부도 직전까지 몰고 갔던 문제적 졸작 한동안 이은 심재명 부부는 녹다운당함,0
8744028,잘 만들었다 중국의 현실을 꾸밈없이 보여 주는 영화이다 영화 내내 중국에 와 있는 듯한 느낌을 받았다 꾸미지 않는 시골 거리며 시내 곳곳에 나오는 방송들 음악들까지도 중국을 너무 잘 묘사하였다,1
8923407,의리로도 채울 수 없는 허전함,0
9673737,내 취향은 아닌 듯 배우 연기 가지고 모라 하진 않겠지만 나머지 구성들이 별로인 듯,0
8485022,막장드라마가 따로 없구먼,0
6295584,지루하다,0
8653094,이런 게 영화라는 거죠,1
9813577,이질감 없이 공감할 수 있는 인간의 양면성,1
7469625,구식 촬영 기법이 그나마 있던 액션의 격을 떨어뜨리고 이해 가지 않는 인물의 행동은 답답하다,0
3058374,한 번 사는 인생 솔직히 살고 싶다 대 후반인 나에게도 용기가 생기게 하는 영화,1
719310,이 영화의 최악의 상태에 할 말을 잃었던 정말 어이가 없었던,0
9081494,일주일 내내 두부만 먹은 것 같은 느낌,0
743160,꽤 고어가 많다 그래도 재미있다,1
9431078,훈훈한 만남 가슴 따듯ㅈ해짐,1
8991599,년이면 좋은 영화 많이 나올 때인데 요런 가 ㅋㅋㅋ,0
3606446,억지 억지,0
9647506,참 둘 다 연기 끝내준다 남녀 주인공 둘 다 저렇게 연기하기 힘들 건데 특히 남자 주인공은 연기한 지연 정도 됐는데,0
9165956,레이 시우민 사랑하고 엑소 파이팅,1
5799615,음악은 아니지만 위대한 교향곡을 완성했다,1
2006808,구성이나 연출이 매우 미진한 호러물,0
8426859,감격시대 회를 거듭할수록 빠져들게 만드네요 본방사수하겠습니다,1
3873139,반지의 제왕,0
10032565,개인적으로 소재가 참 아쉽다 누가 비슷하게 제대로 만들었으면 좋겠어요,0
9039472,날고기와 코스요리의 공존,1
7968524,이런 쓰레기를 유작으로 남기다니 미키 루크 킴 베이싱어 셰릴린펜 조안 시버 런스 같은 당대의 매혹적인 배우를 맘껏 부리던 그가 큰 지명도 없는 포르노 배우를 주연으로 쓰는 지경에 이를 정도로 몰락한 이유가 뭘까,0
9183906,작품성 있는 영화는 점이다,1
9381984,말 필요 없다 진정,1
9553154,욕도 안 나온다 영화 예산을 차라리 나한테 줘라,0
9932105,서극의 공산당 찬양 영화 보는 내내 위화감만 듦,0
4561328,이도 저도 아닌 망작 뭐 하자는 건지 모르겠음,0
8182570,아이유가 나오는데 시청률이 좀 대라니 한채영 아이유만 가가 지고도 어느 정도는 나올 텐데 문제는 장근석이야 남자는 물론 여자들도 싫어하니ㅡㅡ,0
176708,주 서민들 돈 빨아서 잘하는 짓이다,0
7954593,너무 귀엽고 박진감마저 느껴졌던 영화 거기에 깨알같이 등장하는 대한민국 신동 뿌듯했어요 ㅋ,1
3294944,숨은 명작이다 천재 감독,1
7088102,집으로 돌아온 무어 중령의 얼굴이 잊히지 않는다,1
3394082,정말 어이없고 전혀 내용이 연결되지 않는 최악의 영화,0
3539251,전 이거 사촌동생들이랑 엄청 재밌게 봤어요 ㅋㅋㅋ 그래도 점은,1
4520600,판 점을 주겠지만 다른 것이 있을 것이란 말과 달리 거시기밖에 없다 실망이다,0
9397741,로키는 무조건 좀 줘야 함,1
9302410,그냥 ㅆㄹㄱ 이게 드라마,0
3599644,선교를 꿈꾸는 한 사람으로 많은 도전이 되었습니다 주님의 축복이 언제나 함께 하기를,1
9929509,아오 유치해,0
9149448,하여튼 허구한 날 조폭이야 ㅋㅋㅋ 개 쓰기 한국 영화의 현실 ㅋㅋㅋ 가족영화까지 조폭을 끌어다 붙이냐 ㅋㅋㅋ,0
10245134,스타 트랙보다 배재기 있음,1
158343,우디 앨런 같은 감독이 그리운 현대,1
9505507,어째서 틴토가 에로계의 거장인지 모르겠다,0
10148630,이런 영화 다신 없다 번 은 넘게 본 영화,1
7505936,원작 소설을 안 읽은 사람들은 진짜 보면서 답답합니다 특히 엔딩,0
9513935,꿀 잼 영화 추억이다ㅜㅜ,1
2902421,급영화의 찬사를 타란티노와 로드리게스에게 찬사를,1
8391721,엿 더 이상의 자세한 설명은 생략한다,0
9599544,촬영 감독이 초보인지 장비가 후진 건지 영상이 흔들려서 화면이 매우 불안정,0
6482865,조금 졸리긴 했지만 재밌었다 마지막엔 내 가슴을 울렸다 만약 이걸 찰흙이 아닌 진짜 사람이 연기했다면 난 정말 눈물을 흘렸을지도 모른다,1
2142236,아 말도 안 되고 재미없는데 내가 이상한 건가,0
9131476,겁나 재밌기만 하네 아무 생각 없이 봤다가 눈물크리 맞은 영화,1
2657052,이딴 것도 영화라고 속편 낼 생각하고 있었다니 미쳤지,0
4424543,보는 시간조차 아까운 영화,0
7052473,아직도 이런 대작을 접하지 못한 이들이 잇는가 말이 필요 없다 시간분이 짧게 느껴질 정도로 그야말로 대작,1
8679456,송혜교가 이뻐서 점 감독의 의도가 표현하고 싶어 하는 느낌은 알겠으나 그래서 더 못 만들었다 생각됨 집어 말하기 어려울 정도로 모든 점이 엉망,0
9591157,맞추자 ㅍ차븟ㅇㄱ디시,0
6588539,의지가 모자랍니다,0
9722653,이런 건 보는 거 아니야 ㅡㅡ,0
2885327,이거야말로 구제불능이군,0
5185837,출가 후 이 영화 첨으로 보았습니다 김해 은하사 좋네요 액션 코미디 재밌었습니다,1
1134299,스티 블러의 연기는 정말ㅋ 정말 배우들 사랑하고 존경한다 ㅋ,1
427131,이 영화를 보는 자체가 고통이며 보는 순간 난 죄인이 된다,1
11633,하하하 그럼 전무송이 괴나 인이겠네 ㅋㅋ 보고 싶은 영화군,1
9766949,정말 재밌음 역시 짱구가 최고,1
9791064,본 시리즈 건너뛰기로 봐도 이것보다는 재미있을 듯,0
10160407,이걸 조폭 미화라고 평가한 사람들은 이 영화를 잘못 봐도 한참 잘못 본 거다,1
7010443,아 진짜 머 이런 경우가 있냐 진짜 안 볼란다ᄏ지금 까 잘 봤음ᄏᄏ,0
9440529,화면은 참 예쁘던데 그거 말고는,0
9470303,옛날 영화라서 그런지 연출도 웃음이 나올 정도고 뜬금없이 일어나는 갖가지 사건은 연관성도 없고 뜬금없이 기 없이 승전결 이런 식인 군대에서 틀었는데 욕 많이 먹었음 ㅜㅜ 보지 마세요,0
2511368,완전 짱 박대동 김홍도 쾌,1
2648758,이야기의 큰 스토리가 없는 것 같군요,0
6166011,이 영화 정말 별로 다 니콜라스 케이지 연기만 볼만함,0
9483991,결승전에서 공정하지 못했다는 말이 많은데 이것 또한 장동민이 게임을 하면서 라운드부터 지금까지 다 만들어놓은 결과물이라 생각한다 장동민은 게임만 잘해왔던 것뿐만 아니라 게임을 하면서 사람들과의 관계도 잘 맺어온 것 같다 물론 오현민도 멋있었다,1
6338812,이거 정말 재밌다고 하던데 한번 보니 재밌군요,1
6766799,솔직히 내가 잡스에 인간성에 대해서 아는 것도 없고 뭐라 할 것도 없는데 잡스가 지금 산업 다 바꿔놓고 이는 개념을 처음 내놓고 그걸 파는 앱스토어 개념도 만들어냈다 애플이 먼저 나오고 안드로이드가 나온 거야 알겠냐 들아,1
3576721,목포 붹,0
7742318,흔한 범죄자 미화 감성 펄이 물,0
7564856,케이블 드라마 나인 넘사벽 모든 지상파 드라마 지상파는 제발 드라마 만들지 마라,0
9130941,왜 이리 평점이 낮지ㅜㅜ 재밌었는데,1
6337028,초등학교 때부터 내 맘속에 최고의 드라마,1
1702832,어 드라마 두 있었네 일요일 아침마다 푹 빠졌던,1
8373158,같은 동족이라는 걸 떠나서 같은 인간으로서 도울 수 없다는 게 안타깝네요 장성택 사건도 그렇고 머지않아 북한 체제가 자멸할 날도 멀지 않은 거 같은데 중국이 호시탐탐 노리고 있고 결국엔 북한 땅을 중국에 또 빼앗길 것 같네요,0
7508856,최고,1
9501090,갓도 민 역시 기대를 저버리지 않았음,1
9283351,내 나이 서른다섯 수지에게 끌린다 아저씨 집에서 라면 먹고 갈래ㅎㅎ,1
8585648,이토록 지루한 연출력을 보이는 감독에게 야유를,0
8566395,정말 최고예요 진짜 감동받을 만큼 눈물 나게 잘 쓰셨네요 별점 십 점 드릴게요,1
4916914,기형화 특히 이정우고 다미 김푸른 이것들 제일 심하네,0
7172459,엄기준 연기 너무 잘하네요 짱,0
9925541,최근 본 영화 중에 최악인 듯 처음엔 흥미진진했는데 갈수록 지루하고 허무하고 짜증,0
10138385,팔 절단 신 이후의 이 터지는 순간 넘쳐흐르는 카타르시스 미친 듯이 돋는 소름,1
8655793,현실적인 건 갑자기 들이닥친 폭력 앞에 무력한 모습뿐 순 억지밖에 없는 영화 이거 보지 마시고 나오미 왓츠의 앨리 파커를 보세요,0
3271997,정준호 때문에 일 점이다,0
10023116,평점에 오류가 있는 영화다,1
3204167,쇼생크 탈출보다 분명한 명작이에요,1
9934412,타 지역의 연기가 조금 어색했지만 클린트 이스트우드는 정말 대단했다 영화를 보는 중 나도 모르게 그와 동화됨을 느꼈다 그리고 영화의 절정 부분에서의 북받쳐 올라오는 그 슬픔이란,1
9146815,그냥 여자들의 이중성일 뿐 아이고 의미 없다,0
9004552,순수하고 아름답다,1
2707847,최고다 또 보고 싶은데 돌볼 수 있나 누가 좀 가르쳐 주세요,1
6336483,언론의 맹점과 군중심리 개인의 심리까지 파헤치면서도 재미까지 균형을 잘 맞춘 멋진 영화,1
8453159,이 평점을 보고 감독이 행복해하는 얼굴을 보고 싶지 않다,0
5747057,ㅎㅎ 기대 안 하고 봤는데 반전도 있고 재미있네요 연인 혹은 가족끼리 보면 좋을 듯,1
1887361,야동도 극장에서 개봉을 할 수가 있다는 거,0
9567649,세련되고 재밌었어요,1
5384161,보는 이를 배려하지 않은 영화,0
9362030,나의 캣우먼은 이렇지 않아,0
283317,정말 좋은 영화 진정한 사랑이 무엇인지를 말해주는 영화,1
8929687,대박 꼭 보세요 스릴감 액션 굿,1
9709983,이런 영화가 있었다니 강우석답다,0
9567407,에이브럼스를 발견하게 해준 영화 미션임파서블 보다 더 긴장감 있고 재밌는 훌륭한 오락영화였다,1
323684,제목부터 심상치 않은 영화 옥주현 나오는 줄 알았다,0
7015508,시즌도 만들어주세요 꼭 시리즈 중에는 가 젤 재밌었지만 하윤이가 없어 ㅜㅜ,1
10165789,은근 계속 웃으며 봤어요 적절한 유머와 재미있는 소토리 눈물도 찔끔 재미있어요 몰랑몰랑,1
6596257,이런 신파를 바라다 시종일관 울며 보다,1
9127550,여자 비명소리 정말 거슬림,0
7388228,내 평점 게임 포탈과 터미네이터 다이하드와 아이로봇을 믹스한 영화를 본 기분 그래도 배우들 연기도 좋고 시간 때우기용 이상으로 꽤나 재밌게 봄 물론 결말은 황당 용두사미 영화에겐 상영시간 분이 더 필요했다,1
1371296,재니 무,0
8920614,특수효과 없이도 관객을 납득시키던 능력,1
8765944,진짜 패트레이버 팬이다 원작 만화는 복습에 복습을 더해 수십 번을 보고 애니는 원작과 비교해서 너무 떨어져서 딱 번만 보고 극장판도 수십 번 봤다 근데 이건 제발 팬이라면 보지 말아라,0
8896846,학교에서 봤는데 점말 감동받았다 이겼을 때 정말 좋았다,1
6743493,ㅄ 같은 영화,0
103612,내 생의 최고의 영화,1
7264399,패륜 영화,0
2731262,존 큐잭 같은 남자와 결혼하고 싶음ㅋㅋ,1
280928,메이트로 식 액션이란 재미없는 액션을 뜻한다,0
8773998,히가시노 게이고의 추리소설이 사랑받는 이유는 치밀한 트릭도 크겠지만 사람이 사람을 죽이는 행위에 감성적 정당성을 부여한 탁월한 설득력에 있다 본 원작은 말 그대로 헌신적 사랑이 그 키워드였고 용의자는 거기에 집중해 훌륭히 결을 살려냈다,1
7861263,가톨릭과 개신교를 합쳐서 기독교 그리스도교라고 합니다 기독교에서는 하나님 유일신이 맞습니다 하느님 하늘님은 애국가에 나오는 표현이고요,1
8569859,아직 안 봤지만 재밌을 것 같아요 평점이 낮다는 사람들이 있기에 평점 올리기 위해서 점줌ㅎㅎ,1
5981617,완전 재밌어 요담 주까지 어떻게 기다린데 궁금하다 암튼 부탁해요 캡틴 짱,1
7178542,데이비드 린치를 좋아하는 사람에겐 필추 물론 드라마를 먼저 보고 봐야,1
7433295,년씨짘ㅋㅋㅋㅋㅋㅋ나올때마닼ㅋㅋㅋㅋㅋㅋ으헠ㅋㅋㅋ근데재밌어요,1
9829200,망해라 임권택 작품들,0
6087622,아기도 너무 귀엽고 당하는 악당들도 귀엽고 잔잔하니 부담스럽지 않고 좋네요,1
8669587,솔직히 배우들은 열심히 연기했고 감독과 스태프들도 노력한 흔적이 많이 보이긴 하지만 뭔가 스토리가 부자연스럽기도 하고 너무 잘 풀려가는 느낌 그리고 시청자를 확 사로잡을 수 있는 특유의 재미가 없어서 많이 아쉬움이 남는 영화이다,0
4411934,이 정도일 줄은 몰랐다 상술이 대단하군,0
9930651,기분종게 웃겨주는 영화,1
8326325,웹툰으로도 즐겁게 봤는데 드라마로도 연기를 너무 잘하셔서 보는 내내 재미있었다,1
7270189,몇 년 전에 돌려서 본 거 재미없다,0
7493902,진짜 재미나게 파이팅 하면서 보다가 요즘 채널 돌렸어요 혐오스러워서 여주인공 완전 돌개념 ㅉㅉ작가야 밥은 묵고 댕기나,0
767841,셀리아나 웬디나 똑같이 예쁘던데ㅋ 오만과 편견에 나온 게 웬디였구나,1
3968177,봐도 봐도 재밌고 감동적인 영화 역시 멋진 여자,1
5698885,그레이 아나토미 같은 의학인척하는 로맨스가 아니라 진짜 의학 드라마 ㅋㅋ,1
1428909,제일 실망스러운 일본 영화,0
9564633,그냥 쓰레기 재미도 없고 그렇다고 그다지 야 하지도 않고 ㅋ,0
4067847,추잡한 내용,0
7603915,개그맨들은 자기들 본업부터나 똑바로 하시죠 게스트나 불러대지 말고,0
6168593,난 실화라는 게 신기할 뿐일세 아무튼 연기 참 잘한다,1
8912658,예능이라고 하기에는 서로 싸우고 갈등 생기고 이런 거를 보여주니까 괜히 보는 사람도 짜증 나네요,0
8831398,진심 시간 아깝네 뭔가 신비하고 그럴 줄 알았는데 저 포스터랑 전혀 안 맞는 내용임,0
7402718,어떻게 이게 평점이 이렇게 높지 개봉 당시 극장 가서 봤을 때 진짜 지루해 죽는 줄 알았는데 연기 개판 스토리 개판 하나도 안 슬프고,0
9649980,이 정도면 점 받아야지,1
10193725,별 개를 주고 싶은데 이 최하라서 점줍니다 개인적으로 영화감독이 이 영화를 내면서 성공할 거라 예감했다면 그건 대한민국 관람객들의 수준을 아주 평가절하한 거라고 단호히 말합니다,0
9328800,엄청 예전에 본 영화인데 아직까지 잊지 못하는 수작,1
4038244,말이 필요 없다 보다가 자려고 마음먹었다,0
6671465,왜르케 평점이 낮냐 난 재밌게 봤구먼 게이도 나오고,1
5553873,너무 재미가 없구나 졸작이다,0
5138814,포켓몬스터 영화화된다 해서 왔는데 참 재밌네요 조커도 나오고,0
9727800,신선한 소재 좋았음 편 기대하고 있음,1
10074713,점도 아깝다 오글거려서 이건 뭐 알바들 진짜 불쌍타,0
9231009,종훈이 형 가오 상하게 왜 이런데 나와요,0
6905228,너무 재밌다,1
151670,시대착오적 애니메이션,0
8612948,전 이평점에 나면 어떻게 되는지 궁금해서 해봄,1
3289767,뭔가 시사하는 바가 있던 영화,1
9907762,혹시 감독이 천재가 아닐까 하는 말도 안 되는 생각도 해보다 왜 수능 문제 잘 풀고 일부러 오답만 찍어서 점 맞는 전국 등처럼 이 영화는 놀라우리만큼 내적 외적인 측면에서 엉망진창이다 어느 것 하나 정답을 찍어서 포인트를 올린 것이 없다,0
9300543,물체가 움직이거나 어떤 일이 진행되는 빠르기,0
9127663,마음 같아서는 별을 끝도 없이 주고 싶은데 그러지 못해서 아쉽습니다 감수성 풍부한 남자이지만 드라마를 보면서 울어본 적은 없는데 기분 좋은 날을 보면서 똑같이 파킨슨병으로 돌아가신 저희 할머니가 생각나서 하염없이 울었습니다,1
9207576,메시지가 정말 특별한 영화 강추합니다,1
5327554,억 ㅋㅋㅋㅋㅋㅋㅋㅋㅋㅋㅋ,0
9937756,연대가 된 지금 시점에서 더욱 소중하게 다가오는 영화,1
3292944,보지 마,0
1421650,변태적 성욕 자기합리화,0
5370081,이미에서 하는 영화 개봉해서 뭐 함,0
10053886,스케일은 시리즈 중 가장 작으면서 제작비는 시리즈 최고봉 도대체 뭐에다 제작비를 쓴 거니 조니 뎁 출연료로 잭 스패로 원 맨 쇼는 재미없었어,0
284231,존나 재미없어요 보지 마요,0
8932070,스토리는 별거 없는데 액션이 지림,1
9222203,재미있었어요 아이도 재미있었데요,1
10247907,바둑 급수 짜리가 봐도 오글거림의 향연 왜 수 한마디 한마디에 바둑용어가 올라오는지 타짜와 더불어 타짜의 아류를 자처한 영화,0
5027645,오래간만에 잘 만든 영화 봤다 불륜의 내면 심리를 제대로 분석한 아트 작이다 유럽 영화짱,1
8934341,이 영화 시리즈로 인해 나는 휴 잭맨 팬이 되었다고 한다 ㅋ,1
915148,한 번쯤 이 여인들처럼 떠나보고 싶어지게 하는 영화,1
4295299,이건 또 뭔가요,0
3816306,빨간 풍선을 따라가는 아이 아이를 통해 행복해지는 이들 아름답다,1
2907640,휴 나 이거 왜 봤지,0
9855891,나름 그냥 그저 그런 영화,0
5815880,조엘 슈마허 최악의 영화 차라리 배트맨과 로빈이 좋음,0
9413946,대단한 것일 줄 착각 재미도 없고 긴장감도 없고,0
8683953,이 영화의 유일한 미덕인 태국 가요를 재조명해주었다는데 이 별을 바친다 태국 노래를 사고 싶어질 지경이니까,0
2236971,나 이거 중학교 때 퍼펙트 월드랑 동시상열으루 봤는데 ㅋㅋㅋ 재밌었음,1
5137205,굿,1
7749265,그녀의 힘든 여정과는 달리 영화는 늘어진다,0
8511920,남녀 간 사랑 가족 간의 사랑이 아닌 다른 사랑도 얼마나 진한지 보여주는 영화,1
10155148,믿지 마세요 애색긔들이 다 평점 올려놓은 거니까,0
403718,그래도 은 너무 후하군요 평점,0
780298,깜찍하고 귀여운 엄지 왕자 사악한 마녀로부터 마을을 지켜라,0
1031691,처음에는 좋았는데 가면 갈수록 이야기가 삼매경으로 빠지는,0
7822465,흠 나름 괜찮네요,1
445054,낯선 섬 낯선 타인이 완전한 사랑이 되기까지의 독특한 전이,1
6270288,구역이라는 머리를 떼고 나왔을 면 더 좋았을 것을 암튼 상반기 최고의 액션 영화다,1
9825212,결국은 세계는 이해관계에 따라 움직인 다악과 선은 없다다 가족을 사랑하고 돈 벌고 싶어 한다,1
7533281,별로,0
4383895,좋은 소재 못 살린 감독 연출만 잘 했어도 대단한 영화가 되었을 텐데 쯧쯧,0
2915742,저수지의 개폼 버전 참고가 아닌 표절,0
9990310,한국 남자들이 여 자신을 좋아할 만큼 능력이 아닌 매력과 인간으로서의 냄새를 내뿜어라 하지만 한국에선 불가능 ㅠ조용한 분위기에서 터지는 관계씬과 특히나 코미디는 정말로 재미있다,1
10059268,나이 든 영화 강추합니다 수학천재 얘기라고 해서 지루할 거라 생각했는데 감동적이고 즐겁게 봤어요 두 너무 좋았고요 아이 러브 유,1
5028683,하이틴 공포물의 대표격 단점이라면 살인마가 하나도 안 무섭다,0
6975973,왜 만든지 모르겠다,0
6893240,똑같은 스토리 혹시나 했는데 역시 나라는 남은 스토리도 뻔하겠다는 그래서 더 안 보게 해줘서 고맙다는 거에 궁 작가님들 글쓰기 힘들 텐데 기왕 힘들게 쓰는 거 좀 참신하게들 쓰심왜들 지난 얘기들을 습작하는지 원 오늘로 끝,0
5517218,나서 윤의 발견,1
8323977,우아하다는 말에 공감 ㅎㅎ,1
913164,너무 배배 꼬았다,0
10184222,진짜 대박 재밌음 역시 톰 크루즈,1
8830186,실질적인 점수 미국인 친구란 제목은 왜 붙인 건지ㅜ,0
7847135,솔직히 이 영화 점 중 사람들은 이자벨 얼굴 몸매 점수 준 거다 영화는 점 미술관에서 그림 감상하는 게 더 재미있고 감동적일 듯,0
1003256,여성에 대한 관조도 스릴감도 읽어버렸다의 감독 맞아,0
4750653,옜다 평점,1
4252052,분 가 화면이 검하고 결말도 백이고 뭔 소리인 모르겠고 ㅡㅡ,0
7281167,신나,1
4933902,제시카 알바 정도의 배우가 이따위 쓰레기 나온 이유를 모르겠다,0
1418821,영화보다나간적은처음ㅠㅠ,0
9179290,내 생애 최악의 한국 영화,0
1949455,호화 배우들 잡아 죽이기,0
8025459,곽지민 귀여워ㅋㅋ 여배우가 정말 귀여움,1
9380589,연대 향수를 불러일으키는 배경도 재밌었고 잡다한 샛길로 새지 않고 확실히 음모론에 초점을 맞춘 스릴 전개도 만족스러웠음,1
1742433,감독 대실망이다 호화 배역진이 아깝다 죽도 밥도 안된 엉성함,0
10240647,존나유치함 높은 평점 주는 애들도 유치함,0
7839219,저기 노래하는 사람들 자기 땅 만 국가에 내놓으라고 하면 내놓을까,0
9088140,한 줄 분석이 영화를 가장 좋아하는 그룹은 대 여자입니다 하 이런 쓰레기 년들 주진모 송승헌 나왔다고 전설의 명화를 더럽힌 이딴 쓰레기 허세 겉멋 영화를 점 넘게 올려놓냐,0
7036914,생애 최고의 쓰레기 영화 웬만하면 평점도 안 쓰는데 킬링타임이라도 보지 마요 보다가 화남,0
10048338,감성팔이 애국주의는 그만,0
9779081,꼭 봐야 할 영화 오래 기억 남을 것 같아요,1
7390913,이야 알바 많이 풀었네,0
9591179,보는 중인데 액션이면 액션으로 가고 멜로로 갈 거면 멜로로 가지 본질을 모르겠네,0
8711544,정말 이 영화가 이렇게 평이 높다고 네이버 평점은 정말 믿을 수도 없고 종잡을 수도 없다,0
4921897,본격 델마와 루이스를 따라 하려다 망한 케이스,0
8186893,강철중 시리즈 정말 재미남,1
10038670,그저 그런 신인 개그맨 오디션을 나열해 놓은 느낌이었다 큰 웃음이 없이 잔잔한 채로 정신없이 산만하기만 하다가 끝나버렸다 딱히 나쁜 곳을 지적할 것도 없지만 좋은 곳도 결코 없다 모음이 젤 웃길 정도,0
1948892,그냥 점이라길래,0
5998726,제목만 보고 편견 가지지 마시길 훈훈한 미소를 짓게 만드는 성장영화,1
1216836,의미 부여하지 말고 그냥 보세요 ㅡㅡ 분석하고 그런 거 짜증 나,1
282352,조금 난해하네요,0
4642015,그냥 별로 다 극장에서 인보길 다행인 듯,0
8115811,발로 만들어도 이 영화보다 낫겠다 아 이건 뭐 재미도 없고 스토리도 없고 참 오랜만에 보는 답 없는 영화임 보면 절대 후회함,0
7964518,장난 아니다 무당이란 소재가 그렇게 와닿고 좋은 소재는 아니지만 이 영화는 정말 엄청나게 잘 소화시킨 거 같다 그리고 어째 보면 무당이란 소재를 사용한 것도 정말 신의 한 수다 현실에서의 프로그램도 그러니까,1
10196810,실력이 필요 없는 상황,0
1416113,볼만한데 점수가 형편없구먼 그다지 변태스럽지도 않구먼,1
3545931,감동과 웃음을 한방에,1
9655569,별점 ㅇ점옛날 미라 생각하고 원이나 주고 뵜는데돈시간만 날렸음도 대체 영화를 통해 말하려는 게 뭔지 도통 재미도 감동도 꽝 다른 사람 평점 봤으면 안 봤을 텐데 어휴 아까워 후,0
5283893,이걸 우리 학교에서는 단체관람했다죠 ㅅㅂ 이거 점 밑으로는 없나요,0
8596589,보고 감동의 눈물을 흘렸다 이게 실화라니,1
8555490,억이나 주고 만들었다니 그것만으로도 놀랍다 대체 돈을 어디다가 쓴 거지,0
1604845,외계 남성이 지구 남성으로 변하는 과정이 리얼하다,1
10000384,아직 까진 갈 길이 남았다,0
8898161,미학적 완성도가 한국 영화 중 최상급이다,1
2592934,음악밖에 기억 안 나 띠 띠 다 띠,0
9581019,영화를 숨 참고 만들었나 봐요 ㅋㅋ 그냥 열심히 하는 배우들을 응원할 뿐,0
8309675,중국 다운 싼 맛을 보여준다 딱 보면 연대 초반 작 품인 줄 알았는데 아이폰이 등장하길래 깜짝 놀랐다 하아 탕웨이가 나오길래 봤는데 너무 중국스러운 싼 느낌이 강해서 아쉽다 패션들도 복고 콘셉트인 건지 뭔지 예쁜 배우들 다 망친 듯,0
6808024,망작 중의 망작,0
7777959,상영 종료 후 년 뒤에 극장판이 나올 정도의 초 대작 편의 설정 오류 수정과 새로운 신 추가가 주된 볼거리 만 마마는 어른들을 위한 애니이다 우측의 리뷰를 보고 애들과 함께 보려고 한 분들에게는 절대로 애들에게 보여줄 작품이 아니라고 강력히 주장한다,1
7798892,내용 기대 없이 훈훈한 주인공 오빠 보기엔 굿,1
7520337,풋풋하게 연애하던 시절에 봤던 추억의 영화 마지막 스토리에 이연희가 나오고 배경음악으로 하와이안 커플이 나왔던 것 같은데 다시 보고 싶은 영화다,1
5427785,최고의 성장 드라마,1
10094978,왜 이리 지루하지 재미도 없고,0
5362238,미친듯한 이런 사랑 나도 한 번쯤은 해보고픈 영화는 영화일 뿐인가 멋지게 잘 봤어요,1
4546653,이거야 이거 ㅋㅋㅋㅋㅋ,1
6437882,감독 자질 문제라고 밖엔,0
10148210,참 공포 영화를 코믹스럽게 만들었네,0
9980143,원작이 대단하긴 한가보다,1
1718989,어처구니없는 액션들 조잡한 줄거리 성룡 맞나,0
8479728,난 이거 되게 재밌네 ㅋㅋ,1
7914990,나도 한마디만 한다 절대 보지만 삼 제 점수는요 마이너스점입니다,0
1557735,어렸을 때 영화 보면서 저 쥐 가지고 싶단 생각만 했었다 ㅋㅋ,1
7226803,한국 코미디 영화는 이 정도가 딱 마지노선이다 이거랑 달마야 놀자 두사부일체 주유소 습격사건 정도 재밌고 볼만하다,1
6780218,췌밌는데,1
2537523,웬만해선 다 보는데 보다 보다 포기한 영화 여주인공 안문숙 닮았어,0
8374279,천하의 쓰레기 양녕대군에 대한 미화가 거슬리는 게 흠하지만 사극으로서 정말 대단한 드라마였습니다,1
4675153,이런 영화를 볼 수 있어서 ㅠㅠ 이제 정말 아픔이 없었으면 좋겠는데 말이죠,1
9409229,영화든 애니든 일단 브랜드하고 광고로 먹어준다 이런 숨은 명작은 많은 이가 보고 감동을 받아야 함 본 건 년 전인데 다시 보고 또 감동받아서 평 씀,1
7855085,눈을 뗄 수 없다 예술이란 삽으로 강렬하게 파낸 내면의 탐구,1
9668557,조선시대를 배경으로 벌어지는 본격 누아르 남자들의 우정과 그리고 사랑 특히 액션신은 전대미문의 화려하다로 우리의 눈을 사로잡으며 이정재의 빛나는 연기와 김옥빈의 뇌쇄적인 섹시가 관객을 사로잡는다 그런 의미에서 점 드리고 갑니다,0
5476246,아오,0
3868722,최고다 재밌어요ㅎㅎ 가끔 중간에 조금 지루하긴 하지만,1
10092229,이거 그냥 가볍게 웃으면서 보기 진짜 좋은 영환데 왜 이리 평점 낮은지 모르겠다,1
5500063,제목만 보고 왠지 장르가 공포인듯한 느낌이 ㄷㄷ,1
186006,무슨 말이야ᅳᅳ 허무함,0
9466967,시즌으로 리턴해줘요 제발 돈도 많으면서,1
9253426,죽은 시인의 사회 보다 이게 더 대박입니다 개 해 감동 ㅜㅜ 코렌의 죽음 너무 슬펐고 후반부의 감동은 역대급이군요,1
703145,김태균은 감독으로써의 재능이 의심된다,0
7638020,명작인데 왜들 이러지,1
4587561,봐주기 아까운 영화,0
3624639,판타지 무협의 장르를 개척한 영화 서극 감독의 실험정신,1
8653486,이거 보니 시나리오작가 감독은 아무나 하는 것 같다,0
238710,저질적이고 덜떨어진 영화,0
8189556,성동일 딸 싫다 참,0
4876556,이건 어린이용 만화가 아니다 철학이 담긴 어려운 만화 너무 훌륭하다,1
9762849,왜 이게 이렇게 평점이 높은지 영화를 다 보고 나서도 잘 모르겠다,0
3811331,영화 최곤데 왜 그러지,1
9960125,일본 영화의 문제가 무엇인지 일본 영화가 열도를 벗어나 대중화되지 못하는 이유를 보여주는 영화,0
6980744,영화 춘향전을 고발한다 연예가 중계에서 정사신을 강요하며 욕하는 정일성 촬영감독과 수치심에 울고 정 사진을 소스라치며 거부하는 여자 주인공의 영상을 봤다 그리고 그 상황을 고개 돌려 외면하는 임권택 감독 살 청소년에게 금정 사신을 찍게 한 명백한 범죄다,0
9907182,개봉 계속 못할 거 같은데 다운로드 빨리 풀지,0
10052417,뉴완다 모습에 확 깨서 점 드립니다 제니퍼 로렌스가 우정 출연해줬다면 만점에 가까웠을 텐데 ㅋㅋ,0
5721307,영화 보고 울어야 될 것 같아서 운 게 아니라 진짜 감동해서 운 적은 처음이다ㅠㅠ,1
8918563,억백만 달러면 담배 몇 갑을 살 수 있을까,0
4831872,나는 무지 재밌었는데 엄마는 시끄러워서 힘들었음,1
9769121,정말로 멋있습니다 솔직히 꼭 집어서 어느 회사라고는 안 하겠는데 농간만 아니었으면 훌륭한 영화로 널리 더 퍼졌을 겁니다 돈의 문제를 떠나서 이건 엄연히 실력의 차이입니다 그것을 재력으로 채웠다고 오만해하지는 마세요 결국 거기까지 밖에 안됩니다,1
10228018,원스를 뛰어넘는 최고의 음악영화,1
9343674,그림이 참 아기자기하고 아름답다 사랑 찾아 삼만 리,0
7179906,박시후 때문에 참고 또 참고 봐줬다 회까지야 시간이 아깝구나 박시후는 완전 한세경의 꼭두각시가 되어 같은 캐릭터로 전락 ㅜㅠ 한세경 같은 여자 만날까 봐 세상이 무서워진다 정말 작가들이 초등생 수준,0
9351209,돼지가 이렇게 멋질 수가,1
6117415,한국 영화 최초 흡혈 장르 흡혈 식물 대소동과 유사한 내용,1
1603255,성룡 영화를 좋아하는 사람이라면 꼭 봐야 되는 영화,1
9674535,나원 공포 택시 이후로 이렇게 공포스럽게 재미없는 영화 처음 본다 ㄷㄷㄷ,0
6666322,아 언제 가 나오려나,1
9531218,역시 쥘리에트 비노슈는 이뻤다 보면 따뜻해지는 영화,1
5076917,엄청난 반전이 있다고 해서 끝까지 봤는데 참 황당한 영화 ㅋㅋㅋ 작품성 전혀 없음,0
9249611,노 답이다 진짜,0
4922742,이걸 보고 뭘 감상문을 써야 되지,0
7229894,결말이 어떻게 되는 건가요 아시는 분 댓글 좀 남겨주세요 서류 봉투 안에 뭐가 들어있던 거죠 앞부분으로 못 봐서 고양이는 뭐가 있을 줄 알았는데 그냥 도망간 건가요 그냥 바람피운 남자친구 죽고 끝난 거 무슨 영화가 점점 산으로 가더니 그냥 끝나,0
4351045,왜 이리 쓸데없는 장면이 많지 편집을 너무 거지같이 했다 지루해,0
1694266,짱짱한 배우 짐임에도 불구하고 심심하기 그지없는 스릴,0
6782816,기대 안 하고 보면 충분히 재밌는데,1
8878225,모로 보나 도로 보나 접대는 돼야 하는 영화,1
2412421,데니스 퀘이드의 명연기 탄탄한 시나리오 이런 영화를 명화라 하고 싶다,1
9313152,평점 알바들을 위해 점,0
4464607,제시카 알바 정말 예쁘다 멋있는 노래들 멋있는 댄스 다 어깨가 들썩들썩,1
9690312,아 재밌다아 재밌다아 재밌다아 재밌다아 재밌다,1
1193342,왜 이런 영화를 제작했을까,0
9850868,좋아 아주 젛아 젛 아젛아,1
8843842,역시 믿고 보는 히가시노 게이고의 작품 플롯 전개나 화면구성도 너무나 잘 짰다 예술적이기까지 하다 내내 몰입해서 본 듯,1
9086050,그냥 미친 영화란 말밖에 안 나옴,1
2840138,반전은 그렇다 치고 영화 전개는 재밌던데,1
8938696,볼만합니다 강추ㅋㅋ,1
9130603,이거 말고 겨울 왕국을 봐라,0
8578333,지금 봐도 정말 재밌고 좋은 영화다,1
10102060,점대 영화인데 ㅠㅠ 왜 이렇게 평 낮지 난 너무 재밌게 봤는데 몰입해서 ㅋㅋ,1
2304331,감정적으로 동화되기 힘든 스토리 그런다고 치유가 되나,0
8637817,좋은 네다,1
962769,재미없다,0
3513510,평점이 너무 넢어,0
242231,무의미한 애니메이션,0
3311362,전형적인 신데렐라 스토리라고 해야 되나 볼만함ㅋ,1
8628795,황성의는 진짜 오랜만에 봐도 천사 같네 쿵후 허슬 황성의 가 제일 예쁜 듯,1
7517334,평중 나만 당할 수 없다가있었는데 꼭 맞는 영화이다 차라리 월트디즈니 애니메이션으로 만들었으면 나았을 뻔한 실망만 안겨주는 영화 부도리의 꿈 이후로 이렇게 화나는 영화는 처음이다,0
9900637,요즘에도 매번 지식인에 물어본다 프리즌브레이크만 한 미드 없어요라고,1
10150823,점 미만 점수를 준 끼들 은 영화를 콧구멍으로 쳐봤나 스콧 형님의 작품이다 제목만 봐도 좀 이상은 된다 가서 감성팔이 국내 쩌리 영화나 쳐봐라,1
7378665,최악의 샤론스톤 연기도 액션도 어느 것 하나 제대로 소화하지 못함,0
4794606,정말 지루했어요 끝까지 못 보겠더군요 사랑해 파리는 볼만했는데 이건 너무 루주,0
9296931,남자를 위한 남자의 의한 남자의 영화 톰 크루즈 간지 작살 포스 마이클 만 감독 특유의 세련되면서도 남자의 향기 물씬 풍기는 남자 영화 매번 느끼는 거지만 마이클 만은 남자 영화를 정말 잘 만든다 ㅎㄷㄷ,1
6814004,헐 창피하게 왜 그래요 인 스피릿님 비스트 영화도 보러 갔었는데 재밌었는데 같은 인스ㅍ끼리 그러지 마요,1
7724797,보내는 내내 궁금증은 유발하지만 지루하게 끝나버림,0
7359386,거 참 재밌는 영과 균,1
4905718,확실히 생각보다 너무 유치함,1
9446919,영화 정말 잘 만들었습니다 이런 영화 자주 나왔으면 좋겠습니다,1
7996509,해병으로 꼭 나와야만 했나요 손자나 그년이나 손자 친구 연놈들이나 ㅉㅉ,0
4547540,더러운 정치 현실이 나도 불만이지만 이 영화의 해법에 동의할 순 없다 사발젖만 기억나,0
9652719,화면 좋고 배우 좋고 스릴감 있는 그리고 재미있고 훌륭한 드라마라고 생각합니다,1
4204949,진부하고 허접하고 저급한 상상력,0
5671685,아오 이것 땜에 여자친구랑 전쟁 치렀다,0
7986095,어른이 보기에도 재미남,1
4020773,만화에 비해 질이 떨어지는군요,0
9251813,내용이 너무 유치하네요 ㅡㅡ,0
7948445,완벽한 형태를 가진 완벽한 날카로움을 가진 형이상학적 가시로 찔린 기분이다 무지각적 순수가 얼마나 무서운지 공기까지 전해진다,1
4934373,난 이런 홍상수 스타일이 좋다,1
8537107,너무 지루하다 솔직히 점은 너무 과대평가,0
9857314,억이나 한데 주지 ㅣ억으로도 만들겠다ᅳᅳᄏ아나ᅲ아깝다 쟁장 ㅋㅋㅋㅋ,0
5017585,기대 이상으로 사랑스러운 영화네 ㅋㅋ,1
8662913,너무 우울해요 주말이면 좀 신나는 드라마면 좋겠는데 무겁네요 내용이 그리고 연기도 좀ㅎ 어색한 면이 그래도 재밌게 보고 있습니다,0
8712578,진짜 거지 같은 영화 와 나 어릴 적에 본 거라 내용은 기억도 안 나는데 거지 같았다는 느낌만 기억에 남아있네요 내 평생에 가장 돈 아까운 영화 넘버원임 전짜리 영화,0
2349558,난 이거 진ㅉㅏ 재밌게 봤었어 ㅋㅋㅋㅋ 정선경 너무 터푸해,1
9093420,평점 장난이라고 하는 분들 때문에 봤다 보는 내내 기분이 불쾌해지는 영화 시간 때우기 용도 못함 고어 영화라고 쳐도 쓰레기,0
8214194,진짜 공감 많이 되고 속편도 나왔으면 좋겠다 와는 표랑 재영이랑 너무 어울렸는데 어긋나서 아쉬웠어요 ㅠ 속편 나온다면 두 사람이어주세요 ㅠㅠ,1
9949323,장난하나 재미도 더럽게 없고 이게 실화라고 여기서 봐라이다,0
296269,최고의 영화 말이 필요 없습니다,1
1378244,시리즈는 못 봤지만 영화는 볼만했다,1
8711843,엄청난 소름이 주는 히치콕 영화,1
3267995,오래간만에 맘에 드는 영화를 본 거 같다 장르가 너무 맘에 든다,1
8454757,한편의 영화에 너무도 많은 걸 하려고 한거 같은데 결국 이것도 저것도 아닌 영화가 돼버렸다 뭔가 한가지 뛰어난 게 없다 겜블 영화도 아니고 갱영화도 아니고 형사물도 아니고 그냥 킬링타임용으로도 솔직히 별로 다 밴 에플렉 펜이지만 좋은 점수를 줄 수가 없다,0
8696312,주인공 형 너무 웃김 ㅋ 주인공 형한테 맞아 죽을까 봐 긴장됨,1
10141593,좋아요 다른 분들도 보는 것을 추천합니다,1
2935792,정말 재밌다 김지수 이하나 한재석 정겨운 최정희 교수님 장 때문 회장님,1
10192075,평점 보고 가면 그녀도 울고 너도 울 것이다 재미없어서,0
3415333,이 영화를 다시 보라고 한다면 군대를 다시 가겠다,0
8361032,나올 게 없으니 모기까지 나오네 새로 나온 뉴 히어로 모기 영웅,0
9825844,프랑스다운 영화 잘 만들긴 했으나 공감은 안 됨,1
6909088,내용도 그렇고 별로 맘에 들지 않는다,0
8633753,알 형님의 연기 쩔었음특히 매니가 문을 열어주고 층에서 여동생을 본 후 다시 매니를 쳐다볼 때에 그 분노에 찬 얼굴 잊히지가 않는다 이번이 이 영화 번째는 계속 봐도 질리지 않는 영화 알 형님의 카리스마가 대단한 영화였으면 그리고 리즈시절의 미셸 누님의,1
10157331,이 영화를 안 순간부터 여러분들은 무뚝뚝하고 무서운 사람들에게 터미네이터란 별명을 한 번쯤은 만들었을 마법에 빠질지도 모릅니다,1
834843,내 평생 이렇게 재미없는 영화는 처음이다,0
6403038,지루하다 정말,0
7557376,글쎄,0
7353539,동성애는 개뿔 게 이 새끼들 다 죽었으면 좋겠다 예수님 도와주세요,0
8888233,꼭 보세요 후회 안 합니다,1
6724272,운지 운지 홍어 홍어 부릉부릉 땅크 나가신다,0
7972639,어휴,0
9214819,울지 좀 말고 일부러 조작 좀 하지 맙시다 오는 모습이 왜 이리 많이 나와,0
3800339,쓰래,0
5587163,점 준 놈들은 무협 보지 마라,1
5593466,캐스팅도 스토리도,1
8928575,각본 캐스팅 전부 완벽했던 년작 허준을 김재철 전 사장이 설레발치면서 리메이크해서 이 꼴이 되었지ㅋㅋ 망해서 이제 아무도 기억 안 하는 드라마,0
6947183,점 만들자,1
4325254,그다지 이거 감동적이라고 하는 사람 누규 ㅇ,1
6975339,볼만함,1
9972818,이런 영화를 누아르라고 하는 것이다,1
24443,좀 많이 지루했다 케이트 허드슨 보려고 본 건데,0
8553511,진짜 유키스 동호 목소리 안 좋다 배우 유선님은 목소리가 내레이션 성우 아나운서 같던데,0
9969761,만화에서나 나올듯한 대사라던가 오글거리는 검사 빼고는 훌륭했음 최고,1
5031932,아바타 이전에 개봉했더라면 아바타와 같은 감동이 괜찮은 애니였음,1
100144,이거 내가 웃대 올렸는데 제 아이디 애국자 남선이에요,1
10019129,아이스크림이 길을 가다 죽었다 이유는 차가워서,0
178267,정말 재미있어요,1
8199345,자 제한,0
9727463,이건 한국 영화의 미래다 설국열차 따위가 아니다 근데 웃긴 건 이 감독의 다음 작품이 왜 가루지기였냐 이게 그의 최고 명작이었던 건가 정말 아쉽다,1
5486725,좀비가 날아다님 어느 순간부터 좀비는 사람임 총 맞음 그냥 죽음 원래 머리가 약점,0
9576535,진짜 핵노잼 번째 스트라이커가 차라리 낫다,0
9710619,스파이더맨을 가장 좋아하는 스파이더맨 정말 사랑합니다 영원했으면 좋겠네요,1
10072541,소중한 사람들은 잃어가는 장면에서 김준식의 아픔을 절실하게 느꼈고 전쟁은 아무런 의미 없는 살육이라는 것과 절대로 일어나서는 안되는 것임을 이 영화를 통해 눈물로써 깨닫게 되었다,1
7269893,이 정도 퀄리티에 이 정도 내용이면 연대 영화치고 굉장히 잘 만든 거라 생각해요 킬링타임용으로 정말 최고입니다 꼭 보세요 두 번 보세요,1
10245886,짱짱,1
1088537,뻔한 내용이지만 재밌었지,1
8607144,옛날 영화의 영상미 외엔 장진영 엄청난 흡연량을 요구하는 것만 기억나는 영화,0
6236508,고현정 어제 진행도 좋고 너무 이뻤어요,1
3162193,아널드 나이 세에 근육 아직 살아있다 역시 슈퍼스타는 나이 들어도 멋지다,1
6784051,오랜만에 아 끼워하며 보는 드라마입니다 소재의 참신성 배우들의 열연 대사의 달달함 극 전개 템포가 기존의 들라들 과 다르기는 하나 이것도 하나의 매력이라고 생각돼요 작가분들과 배우분들 수고하시는 모든 분들 감사해요,1
1435333,ㅎ할 말을 잃을 듯한 영화,0
10164140,우리나라 영화평론가 평점들 다보세요 북한을 조금이라도 안 좋게 보는 영화는 평균 이상이 안됩니다 근데 선동식 영화는 기본이 점이 상대임 ㅋ 대단들 하다,1
4304778,재미없을 줄 알면서 봤지만 역시 내 예상이 맞았어,0
5556440,어려운 영화 여운이 많이 남는 영화,1
5651454,제 점수는 요원 표만 안 나왔어도 그냥 점 줘버리는 건데 원표가 살렸다 바보들의 행진,0
4760911,시범에 대한 스토리만 후딱 전개되네 이 영화 뭐지,0
8806709,너무 진부해서 하품 나오더라 티브이 단막극용으로도 못된다 김성 팔 이용 영화는 이미 시대가 지났다,0
6904884,리뷰 남기긴 처음이다 꼭 봐라 이 영화,1
8046974,그냥 이연걸 영화 근데 비추,0
6719199,내가 영화를 잘 몰라서 그러는데 이런 걸 컬트 영화라고 하는 건가,0
9876068,영화를 보는 내내 미소를 감출 수 없는 너무나도 사랑스러운 영화였습니다,1
9121964,윤하 때문에 점,0
10031623,상영관 좀 늘려주세요,1
1175256,같은 놈들은 귀여니 영화 좀 준다 분명해,1
8339742,픽션이지만 재미뚬ㅎㅎ,1
8410640,막 설레고 그런 게 없어서 좀 아쉽고 알렉스 오로 이린은 멋진 대 스탠은 좀 심심 미묘 남주 여주 둘 다 캐릭터가 그다지 매력적이지가 않음,0
2657816,야마카시 액션의 새로움도 없었다면 최악이었을 것,0
4429410,룸살롱 지라시 같은 영화,0
9467573,개편잘했네욬ㅋㅋㅋㅋ재방보는데 지상렬 웃겨 죽는 줄 이유리 신동엽 참신하다,1
9082911,상영관이 없는 까닭은 온라인 채널에 동시상영 서비스 오픈하려고 단관 개봉 한 거고 즉 만 원에 팔아먹겠다는 거 오인혜를 얼굴마담으로 내세운 고도의 낚시 영화로 판단됨,0
7194828,마지막 결말이 소름 돌아서 지금도 소름 동네요,1
5435870,한 승려의 지옥으로 가게 된 일대기,0
2196647,재밌군,1
6668435,어려웠지만 최고의 작품이라 감히 말해본다 둔기로 맞은 기분 페드로,1
2622242,고장 난 전화기 텔레비전 그리고 조금씩 삐뚤어지고 고장 난 인간들의 모습,1
4612457,최악 진짜 그 많은 돈으로 연출을 이렇게 할 줄이야,0
6237264,딸들 덕분에 빅뱅이 좋아졌어요 너무 재밌게 봤어요,1
8799768,몇 번째 보는지 모르겠다,1
7168264,풍자고 나발이고 역겨운 건 역겨운 거다,0
8136568,내용 따뜻한 영화 나누고 베푸는 작품들이 많이 만들어지기를 희망합니다,1
6227154,발상과 스케일이 아까운 추억의 안습 코미디,0
7615782,할 말 없음,0
2804668,평점 높아서 밧더구먼 누미,0
8610366,믿고 보는 배우들의 환상 연기 호흡,1
8181531,결말도 이상하고 하나도 재미없음,0
5936795,ㅋㅋㅋㅋㅋ 아 진짜 웃겨 ㅋㅋㅋㅋㅋㅋㅋ,1
9943362,도저히 몰입할 수 없는 캐릭터 설득력 없는 스토리 쓸데없는 복선과 배경 설정 지나치게 가벼운 총알의 무게감 분대 러닝타임도 질리게 만드는 식상한 구성 김이 빠질 대로 빠진 맥주를 마시는 것 같았다,0
4308117,어릴 때 외치신 이런 쓰레기 한국 영화가 머리에서 퍼뜩,0
10273108,굿굿ㅁㅇ굿굿굿ㅇㄴ굿굿ㅁㅇ굿굿굿뜨,1
9855756,내 생애 최고의 영화인 것 같습니다 정말 강추강추입니다,1
5655472,이솝우화 해님과 바람을 잘 승화시킨 드라마 반짝반짝 해님 종로 백곰 무장해 재시 키다,1
9303103,평점이 쓸데없이 높네요 도대체 와이프가 임신한 이유는 몰까요,0
5961195,무조건 보라,1
8796362,재미쩡 그 함축 편인데 전 재밌게 봐서 이것두재밋엇움,1
10185393,와 감상평 땜에 진짜 눈물 나게 웃네 돈 아까워 환불해줘ㅠ 무의미한 자음 입력은 못한다니 더 짜증 나네,0
6439234,존 론 땜에 봤다가 식겁한 영화 정형화된 할리우드 동양 배우 역할의 한계를 넘고 싶다던 생각을 가졌던 소신 있는 배우 존 론 아주 훌륭하다,1
2483962,대단하다 자기 자식 버리는 펭귄만도 못한 것들이 꼭 봤으면 좋겠다,1
1290758,내 인생에서 극장 가서 본 영화 중 최악의 영화,0
3766865,당시 극장에서 보았을 때 상당히 재미있게 본 영화인데 평점이 왜 이 모양,1
20186,볼륨을 높여라의 재치는 어디에,0
10169166,어휴할말도없는데 뭘 자 이상 쓰라는 거야,0
5233728,욕 나옴 지금 케이블에서 하는데 연기도 ㅂㅅ 스토리도 ㅂㅅ 정신병자가 떠는 거 같은 영화,0
9647933,한지민은 여신이다,1
10168826,최고라는 말밖에 영원히 기억될 영화,1
9461294,재미없고 너무 내용이에 바,0
2355488,뭔가 미흡하다 하지만 프랑스 영화 다운로드 은은한 감동이 묻어 나온다,1
8434637,별 반 개도 아깝다 이런 쓰레기 보고 아직도 혐오감에 불쾌함 이런 게 이 정도 평점까지 나오다니 초기에는 점까지 나왔다니 처음 평점을 쓴 알바인지 몇 놈들의 장난이 도를 넘었다,0
7013235,이 드라마 완전 강추 오늘 회부터 다밧는데넘넘 재밌어요 오늘부터 본방사수ㅋㅋ,1
9330981,억지 짜깁기 스토리 구성,0
10250079,년 이런 생각을 년 전이다 모든 요소가 혼합되어 공포를 만든다,1
2275087,이건 뭐 몸 개그 영화ㅋㅋㅋ 액션으로 인한 재미보다 몸 개그의 재미로 웃는ㅋㅋ,0
9614968,제니 라이트 존나 이쁘다 제니 라이트 땜에 점 내 손가락도 주고 싶다 ㅠㅠ,1
6389466,환상의 커플이 후 수작인 듯 아직 진행중이 자만,1
2903822,시종일관 우울한 트리스탄의 얼굴을 보는 게 짜증스러웠던,0
7032512,관장 군이 무덤에서 우신다 이렇게 너희들 맘대로 해먹어도 되냐고 중국인들의 허세 허풍 오버액션은 여전,0
8907562,년마다 만나는 동창회 같은 느낌,1
4762191,가슴에 손을 얹고 양심적으로 생각해 영화야 각각 의미하는 바는 있긴 해도 이건뭐ㅅㅂㅡㅡ,0
9719359,불꽃같은 인생을 사시다가 한 줌의 재가 되어 저 멀리 하늘로 날아갔네,1
4228264,본인은 이 영화에 대해 아낌없는 찬사를 보냈다,1
6049813,게임 모름 영화만 보면 되지 괜찮게 봤는데 나는,1
8654754,아무도 안달았네ㄷㄷ,1
6592066,당신이길 바랐어요 ㅎㅎ,1
1597832,중간에 잠을 자버려서 내용을 놓쳤다,0
7724293,재밌다,1
113541,별로 그리 기대치에 비해 너무 재미없었음,0
4367777,우스,1
4792664,인간의 심장을 단 미친 짐승의 질주 죽음과 맞서는 마지막 모습은 경악 그 자체,1
8563994,시간 가는 줄 모르고 봤다,1
254196,첨에 단조로운듯하지만 보면서 빨려 드는 정말 그 끝은 최고,1
487386,너희가 이 영화를 봤느뇨,1
9629397,정말 괜찮네 힐링이 되는 영화다,1
959400,제목이 멋지다,1
9945216,다른 건 몰라도 제작비를 나에게 줬다면 난 좀 더 유용하게 썼었을 거야,0
9302878,내가 왜 이점수 줬는지 본 사람은 안다,1
9572367,한국전쟁 때 그들도 르완다 난민처럼 우리를 바라보지 않았을까 그저 지정학적으로 가치가 있었을 뿐 르완다 난민과 다르지 않았으리라 생각하니 맘이 서글프다,1
9852173,이게 뭐지 싶은 영화 기억에 남지 않을,0
7901125,장난하나 감우성 최강희 이런 좋은 배우들 쓰고도 이한 감독 진짜 미친 것 같다 블랙리스트 순위,0
1408060,나 살 중대 봤다 당시로는 정말 재밌었던 영화,1
2975850,망할 때는 다 이유가 있는 법 후엔 의 발판이 됐다는 점에서는 긍정적,0
263537,괜히 봤다,0
2561620,제목이 길다 생각했는데 이 제목이 정답이로세 정말 재미있게 봤네요,1
8694298,지루함 그리고 드류 베리모어 역 꼴사납다 이기적이고 앞뒤 생각 없이 누가 피해를 보건 말건 고래만 살리면돼ㅡㅡ짜증남,0
4142234,마지막 재회 장면은 인상 깊었으나 현저히 떨어지는 재미,0
10276348,인간들아 욕 좀 그만해라 금발의 여주인공 색시하고 예뻐서 시종 눈을 뗄 수 없는 명작이었다 김치들이 시샘하느라 평점 구리게 줌,1
7141805,볼만한 영화 남자들도 질투하고 사랑도 하는구나,1
3074557,이자벨 아자니 예쁜 데다가 연기도 정말 잘한다ㅇ,1
1283651,금성 비디오의 샘플로 ㅋㅋ말이필요없는 최고의 감동이다,1
8886040,영화 정말 감동적임 내용이 뻔하다는 것 때문에 점 뺐는데 나머지는 다 좋음,1
6326293,결국 주인공이 이었다는,0
4427024,밋밋하고 느슨한 스토리 별 볼 일 없고 무의미한 로맨스,0
8016982,유치하고 허술한 코미디로 시간만 허비하고 정작 사건 진행은 지지부진 게다가 사건은 애들 장난 같다 애들 영화 같은데 여주인공 가슴은 왜 노출하냐 그 부분만 볼만했다 아아 문화 장벽인가 왜 이리 유럽 특히 프랑스 영화는 보는 족족 혐오감만 들까,0
9330919,노출도 별거 없고 영화 자체로는 너무 재미없고 시간만 날렸네,0
10042350,독립영화의 진수를 보여주는 아주 감동적인 영화,1
9370626,배우들 연기도 잘하고 재미있어요ㅋㅋ만보때가 제일 재미있었고요,1
9921840,배우들의 연기는 좋았지만 설정이 암울인가 보는 내내 연기자들 모두 시니컬하고 기분부전장애인듯 모두 다운된 기분 내용도 흥미롭지 않고 보다가 끔,0
5731934,또 번개냐 ㅋㅋㅋㅋㅋ,0
9978537,너무 극적인 시퀀스,0
7352456,그래서 편은,0
2557434,엉성하고 어설프고,0
9969751,이야기 자체가 탄탄한 데다가 연출과 연기가 조화를 이루는군,1
982517,안 봐도 되는 영화 딴 영화를 보삼,0
9539169,사족을 달고 용을 드래건이라 말하는 기형적인 애니메이션,0
10251233,우아한 공포영화를 본 거 같다,1
9654678,지금의 키아누 리브스만 알고 계신다면 정말 보는 거 추천이에요 귀여운 모습에 덕질바로하실거같은데,1
4433464,사랑하는 사람이라면 사랑하고픈 사람이라면 꼭꼭꼭 강추,1
9690403,꿀 잼 근데 아나킨은 언제,1
1871736,뭔 버러지 같은 영화냐,0
10190801,점도 아까운 영화 단도 안 무서움,0
4320511,드라마에서 흔히 볼 만한 진부한 스토리 딱히 재밌지도 않다,0
10019287,평점 높길래 봤더니 으 시간아까웄던 영화 처음부터 끝까지 지루하다,0
512694,와 유아스러운 장난감 영화네 재미없다,0
9172516,유리랑 헤어졌으면 좋겠어요 유리랑 안 어울림 가면 갈수록 유리 연기 이상함,0
2652249,그냥 그러려니 할 수 없는 식상한 코미디,0
2304218,분위기와 영상 긴장감 호러 영화의 모든 걸 갖추었다 여배우까지,1
7886696,정말 기대 이상으로 재밌어요 재미도 있고 공감되는 부분도 너무 많고 국적을 떠나 사람이 느끼는 건 정말 같네요,1
10161450,기존 팬들이나 이런 계열 좋아하는 사람에게만 예찬되는 영화인가 싶다 오만상 써가며 반보다가 포기했다,0
6768496,아주 어릴 때 봤었던 드라마인데도 년이 지난 지금에 불현듯이 떠오를 만큼 정말 강렬했던 드라마 아련하고 애틋하다,1
4363979,여러 말 필요 없는 드라마 특히 이준기의 연기는,1
916605,왠지 편 패러디 같다는 느낌이 확 온다,0
8867872,최고란다 시대를 년 앞서 나간 작품,1
9393605,음악이 참 좋았습니다 추천해요,1
8394149,난 왜 음악 만들어도 심장이 터질 것 같을까,1
9906188,프렌치 캉캉 춤이 참 외설적,0
522945,되게 재밌게 봤다 우디 해럴슨의 연기가 인상 깊다,1
3694206,진짜 이 시기 영화들 그리움 복잡한 특수효과 없이도 스펙터클한 촬영,1
2600592,거의 공감을 강요하는 영화,0
7387158,역시 제이슨 스타뎀 다운 화끈한 액션 말이 필요 있겠습니까 ㅋㅋㅋ 그리고 전편에 등장한 여배우 서기는 아는데 이편 여자는 다들 알다시피 주근깨가 장난이 아니네요 ㅋㅋㅋ,1
9684627,스토리가 무슨 막장이냐,0
2046656,외설뿐 아무것도 없네 생각했는데 마지막 분으로 뭔가를 생각하게 함,0
7845212,이건 그냥 야동임,0
8735683,정말 이 영화를 보고 많은 생각을 하게 되고 많은 교훈을 얻음 정말 감동적이다ㅠㅠ,1
1862697,와 정말 허접하다 ㅋㅋ,0
6336155,지루할 듯 보이나 전혀 지루하지 않은 영화 아 마지막 부분 게리 올드만의 연기가 빛났다,1
165550,급 호러 영화지만 그럭저럭 탄탄한 스토리를 가지고 있다,0
299405,누가 이 영화를 논하는가,1
102479,인간의 본성을 송어에 빗대어 냉소적으로 바라본 박종원 감독의 수작,1
6428211,알코올에 의존하는 주인공 결국 물건들이 팔리듯 자신의 마음을 버리는 걸까,1
389963,이건 정말 나를 울리게 한 최초의 영화 명작,1
5458611,웃겼다 어디서 토니와 비교를 하는 거냐 이건 액션이 아니라 그냥 서커스다,0
5329760,이걸 이해해야 하는 건가 그게 아름다운 건가 난 그러고 싶지 않은데 말이야,0
3032196,정말 오랜만에 본다 이렇게 짜증 나는 영화는,0
9405875,요즘은 함께하는 거 본다 옴니버스식이던데 그러기엔 가족이 너무 많아요 머 좀 빠져들려면 바뀌고 바뀌고 전 시즌부터 오로지 윤후 보려고 보는데 점점 산만해지는 느낌이에요 우리 윤후 분량 좀 많이 많이 늘려주세요 너무 착하고 예쁜 후,0
9995630,볼 만하지만 걸작은 아님,0
3218850,공포도 아니고 액션도 아니고 미스터리도 아니고 스릴러도 아니고,0
9840283,님들 무뇌인 것 같네요 노 답,0
2766979,최고의 사극,1
10108629,그냥 보통으로 보았다,1
5282236,산만해서 못 봐주겠는 영화,0
21452,단순무식한 각본 하나가 명감독 명배우들의 작품을 망쳐놨다,0
9650373,평론가 말 믿고 기대 없이 봤다가 잘 만든 영화란 걸 알았네요 현실적인 영화가 아니라 요즘 시대 회사원들의 현실을 그대로 반영한 영화입니다 살인청부라는 소재는 회사라는 전쟁터를 빗댄 여러 키워드 중 하나일 뿐이고요,1
9961849,초반부터 소름 돋고 끝까지 긴장을 놓고 볼 수 없는 그런 엄청남,1
4876972,님들아 이 영화 보시면 안 돼요 평점이 꽤 높다고 보실 분들 있을까 봐 걱정되네,0
6373582,좋다,1
10122209,미국이 진짜 선진국인 이유가 있구나 진짜 멋지더라 최고다,1
10179465,생각보다 야해서 평점이 낮은 건지 내가 본 로코 중에서 두 배우 모두 제일 매력적이었고 내용도 훈훈했음,1
9803758,우연히 무료 영화라서 그냥 봤다 재밌다 그냥 재밌다 인간의 본성이 나타나는 그곳 탈출한 인 나가보니 온통 폐허다 살 곳이 없다 어디에도 핵 전쟁의 최후가 그러려니 끔찍하다,1
9906109,이젠 더빙 애니에서 개그맨들 보기도 질린다 자기들은 뭐가 잘났다고 성우 욕하더니 뻔뻔하게 더빙 애니메이션 나오는 꼴하고는ㅉㅉ,0
6794796,재밌고 유쾌한 영화 곰신이라면 더더욱 공감될만한 영화,1
2216102,흠 이해하기 힘들다,0
1642097,정말 웃기다 ㅋㅋ 편도 재밌지만 편이 더 재밌다 ㅋㅋ,1
9877360,진짜 요즘 귀신 나오는 공포영화는 하나같이 다 재미없네,0
8034469,그녀에게는 스페인 영화와 함께 또 강간범 찬양 영화가 나왔네ㅋ,0
9849238,초등학생 조카랑 보러 갔는데 재밌게 봤어요,1
1964355,볼만,0
9581285,여 년 전 극장서 보고 여자친구랑 헤어졌던 전설의 영화,0
5591154,아름다운 영화,1
5537508,이건 뭐 무덤에서 살아나면 쿵후의 대가 젠장 뭔,0
7849498,정말 명작입니다 배우도 스토리도 탄탄,1
7902281,영화 후반부에 개연성 없는 기차 신은 한국적 관점에서 연출한 것은 아쉽습니다,1
9046208,오랜만에 보는 서부극 소재도 독특하고 음악 역시 특이하게 가스펠을 편곡해서 썼는데 색다르네 배역도 좋았고 개인적으로 제프 브리짓 스위 가래 낀 목소리싫어하는데헤일리스테인벨트 보는 맛에 참을 수 있었네 오랜만에 보는 코엔 형제 작품 강추합니다,1
6182754,이런 걸 영화라고,0
8559399,빨리 종영돼 길 여주 진짜 못생겼다 머리 스타일은 수지인데 이경실 닮았다 연기도 짱 못하고 연기자 하지 마라 네 나오는 드라마 안 볼 거니까,0
6667717,아무리 재미없는 영화라도 만든 사람들을 위한 최소한의 배려는 해라 점이 뭐냐 점 줍니다,0
8609725,본진 꽤 됐는데 이거 진짜 친구랑 새벽에 둘이 헤드셋 끼고 보다가 오줌찌릴뻔 뱀이 이어 물 중에 최고임 조쉬 하트넷 연기도 지림ㅋ 뱀파이어 쳐들어와서 하얀 눈밭이 피범벅 되는 장면이 압권,1
6538197,몽롱한 사운드와 아름다운 슬로 모션 음악과 영상이 완벽하게 하나가 되어 만들어내는 먹먹함이 넋을 놓고 장면에 빠져들게 만든다,1
9313150,아무리 코믹 영화라 해도 이건 너무하네 지금이 무슨 쌍팔년도도 아니고 이런 걸 코믹이라고 내용이나 전개나 너무나도 유치하다 관객들 한번 웃겨보려고 대놓고 너무나도 억지스럽고 유치하고 더러운 장면들이 나와서 불쾌하며 그런 연기를 하는 배우가 안쓰럽다,0
8066437,포스터 어이없네요 유지태가 주인공인줄ㅋㅋ 그리고 옛날 영화 특유의 찜찜한 느낌이 있어요 잔인한 장면도 기분 나쁘게 적나라하고,0
2290271,극장에서 봤어요 잔잔한 감동 좋았습니다,1
8177820,뷰우우우우티이이이이풀,0
8864720,년 전에 봤던 영화인데도 귀 자르는 장면은 기억에 남아있는 영화,1
5046798,라이오넬 로버트 다우니 주니어 점,1
7781356,마지막에 부탄가스 터뜨려서 탈출할 때 완전 어이없었다,0
9943503,그냥 급 어수선하고 불편하다,0
8931794,그때는 어렸으니까 재미있게 봤지만 지금 보면ㅋ,0
7823546,처음부터 다시 다운로드해서 또 본 드라마 조만간 한 번 더 볼 것,1
6065223,저렇게 만나서 진짜 사랑에 빠질 수도 있구나,1
8733839,엊그제 보기 시작한 것 같은데 벌써 끝난 것 같다 작년 가을 겨울 올해 봄까지 여름까지 해서 사계절 내내였으면 좋았을 텐데 너무 아쉬워 아쉬워 아쉽다ㅠㅠ마지막회가 보기 싫을 정도 부디 해피엔딩이길,1
5956226,에너미 오브 스테이트랑 비슷한 음모론 영화,1
6111878,스토리가 좀 뜬금없지만 액션은 역시 화끈하다,1
9446814,막장드라됨급도 안됨,0
9454253,너무 슬픈 영화 울음ㅠ,1
8818202,묘한 분위기를 풍기는 두 배우 팀 로빈스와 마이너리티 리포트의 사만다 모튼이 출연했지만 임팩트가 없어 기억에 남지 않는 영화,0
8630300,영화도 재미없고 고증도 똥망 우리나라에 물소가 어딨냐,0
2365166,이 세상의 모든 딸을 둔 아버지들을 위한 영화 지금 생각하면 눈물이 나온다,1
9849273,진심 이게 재밌냐 분투하는 청춘기가 찬다,0
7501097,마음속 간질 한 부분을 긁어주는 듯하네요 내가 누리고 있는 이 삶의 자유가 이렇게 행복할 줄이야,1
9307389,감동의 명작 소장하고 있어요,1
9945310,솔직히 분신사바도 노잼이었음ㅇㅇ,0
3437487,좋았다,1
8062097,아직도 가끔 보는데 요새 이 영화 근처에라도 가는 영화가 없다,1
9473849,이기적인 남자가 조그만 마을에서 반복된 일상을 경험하면서 착함을 얻는다는 내용인데 다시 도시로 돌아가면 경쟁이라는 치열함 속에서 다시 이기적인 본성이 나올 거 같음 너무 영화 구성이 작위적이고 단순하다 작은 시골마을에서나 통할 이야기,0
3412704,굿,1
6532098,이정현의 좋은 연기 감독의 엘리트에 대한 비판과 서서히 눈 떠가는 민중들 그때만 해도 장선우는 희망을 가지고 있었나 보다,1
8674063,평점 남기기도 민망함 포스터가 맘에 들어서서 점 줌 그냥 소소한 일상을 담은 영화,0
7816872,완점잼,1
5213934,이거 평점 이해가 안 가 ㅈㄴ재미없엇는대,0
9441926,류 영화 베드신 하나 믿고 봤는데 캐실 망,0
5910608,지현우와 임정은 역시 연기를 참 잘하는 멋진 남녀다,1
1280190,점밖에 주지 못한다는 게 아쉽다,1
6370002,살에 이런 놀라운 연기를 천부적 소질을 가진 것이 아닐까,1
8158322,기자 평론가라는 놈들은 뭐 하는 애들이냐 이렇게 웃긴 영화에 점을 주네 정신나간것들ㅋㅋ 진짜 웃기다 그냥 아무 생각 없이 보다가 빵터졌다ㅋㅋ,1
7974167,나에게는 수면제,0
2010333,처음으로 영화관 가서 잠잤던 영화 내용 하나도 기억 안 나,0
9507347,이건 뭐 나도 영화감독 좀 해보자,0
1922555,스피드로 떴던 키아누의 후속작이었으나 대단히 졸작인 각본과 연출로 실망적,0
5344853,즐겁게 본 성장 영화 파이팅,1
9770318,처음부터 끝까지 좋았다,1
6836224,보다가 오그라들어서 소름 돋았다 진짜 어휴 대 소녀용인가 대 남자 감성이랑은 절대 안 어울린다 ㅋ,0
4040132,파트너 간의 호흡도 전혀 없고 아널드는 러시아어 쓰는 터미네이터 같았다,0
9375346,을 언급했다는 자체가 너무 부끄럽네요 이런 영화 만드는데 돈 쓰지 말고 기부나 봉사활동이나 다니면 훨씬 세상이 좋아질 텐데ㅜㅜ,0
6308749,전작과 전혀 상관없는 다른 내용의 ㅅㅂ 시간 아깝다,0
5961527,전 만족했습니다 소재도 괜찮고,1
9574838,엄마한테 이걸 보자 했더니 차라리 죽음을 달라면서 집을 나가셨어요,0
5155694,재미없음,0
7774640,이 영화 엔딩곡 노래 제목 아시나요,1
9027621,보여줄 만큼 보여 줬다 선택은 네가 해라,1
8775753,양조위랑 장첸은 뭔 상관이라는 거냐,0
3054212,엘리자베스 너무 이뻐,1
1129115,엄청난 스케일 인생의 모든 군상들을 압축해놓은듯한 작품,1
707134,잠깐 평점 조절 좀 하겠습니다,0
9932180,몇몇 탁월한 이미지와 웅장한 음악 단지 그것뿐,0
8622441,학교에서 봤을 때 무슨 영화인지 몰랐는데 화가가 그려준 그림 보고 떙떙혹은 틴틴인 줄 알았다 정말 소름 돋을 정도로 영화 잘 만들었다,1
10178982,진짜 너무 좋은 영화에요 보면서 공감도 깨달음도 얻었어요 사랑은 받는 게 아니라 하는 거라고 울면서 웃으면서 시간 가는 줄 모르고 몰입하면서 봤어요ㅎ 그런데 평점이 왜 이렇게 안 좋은지 모르겠어요 ㅠㅠ,1
9846258,가장 인상 깊게 본 영화 중 하나 살 때 번인가 봤던,1
2979753,행복한 영화다 ㅠㅠ,1
6944085,점도 아까운 드라마ㅡㅡ처음엔 나름 재미있었는데 부모의 과거와 출생의 비밀 등을 매끄럽게 진행시키지 못해 막장 스토리로 가네ㅡㅡ언제 종결이냐 몇 부작인지도 안 적혀있네,0
8542620,안녕하세요 저는 이 영화 속 삶과 아주 흡사한 삶을 살고 있는 사람입니다 하지만 이 영화 속 주인공처럼 아이를 낳진 않은 것 만 배제한다면 제 삶이라고 해도 무방하군요 이 영화를 보게 된 계기는 제가 영화를 좋아하기 때문입니다,1
7430280,탄에 비하면 뭐,0
10041096,이 정도 흡입력이 있을 줄이야,1
4155996,조건과 편리함만을 따지는 요즘 세대들이 진정한 사랑이 뭔지 보고 배워야 할 영화,1
5964098,년 전 영화임에도 생각할 때마다 가슴 벅찬 영화 그 색감들 영상 잊을 수 없어요,1
1230115,현실이 골목대장 놀이와는 다르다는 걸 알아가게 되면서,1
3446509,시즌까지 본 상태 잼네요 ㅋㅋ 까지 달리는 거다,1
8532139,패럴리형제 영화 중에서 가장 완벽하다,1
8712853,이 영화 뭐지 나 잼 나 잼 나 잼,0
9464079,피해자인척하지 마라 일본,0
8082299,점도 아깝다 평생 댄서 킴 달고 살아라ᄍᄍ,0
8937122,우리는 결국 쉽게 사랑을 말하는 속의 이 영화의 제목과 내용처럼,1
1993234,기득권에 취해 너무 썩은 썩은 지도 모르는 민주당을 볼 수 있다,0
3773828,평점이 왜인 줄 알았네 봤는데 후회했음,0
2211223,지루하다,0
9151161,숀 펜은 영화에 가지 철학이 있으면 안 된다고 했는데 그 말을 자기 손으로 어겼다,1
10124891,희망은 좋은 것이여,1
1524527,친구랑 보다 졸았어요 문제는 둘 다 졸았어요,0
9603144,개 꿀 잼ㅋ 개꿀 잼ㅋ 자,1
9004332,빼곤 다 완벽하다 역시 연결,1
238662,생각의 관점이란 형무소까지도 아름다운 곳으로 그릴 수 있다,1
228863,심리분석이 뛰어난 영화 반전이 일품이다,1
6198273,키스만 할까요 키스부터 할까요 키스도 할까요 등의 유사 제목을 누르고 당당히 선택됨,0
9369678,다시 보고 또 봐도 스릴 넘치고 감탄만 나온다이게 년도 더 된 영화라니,1
8654820,오프라인에 나오셨던 분신의 선물 보고 이제야 알았다,1
7847614,점점 더 재밌어지네요 낼도 기대합니다,1
4177836,재밌어요 나름 괜찮음,1
7115938,말이 필요 없음에 반계 리온은 애니계의 전설임,1
6052380,김효진 연기 때문에 점 꼰다고 다 예술인가 난해하기만 할 뿐 어느 정도 소통은 돼야지,0
8428879,으리는 개뿔 ㅡㅡ,0
688061,생각 없이 봤는데 정말 생각이 없었다 무슨 내용을 전달하려는 건지,0
5668729,재미있었고 초등학생인 동생에게도 재미있다는 평점을 받 을만 하다,1
8997253,두 번 보고 세 번 봐도 재밌고 신선한 드라마 수능 끝나면 다시 봐야지,1
10249971,시도해 볼 만한 소재이고 두 배우 역시 매력적이지만 너무 구닥다리 이야기에 쓸모없는 반전과 긴장감을 전혀 느낄 수 없는 진행 그리고 웃음을 유발하는 어색한 대사와 뻣뻣하기 그지없는 연기까지 한국 영화의 퇴보를 알린다,0
349178,성인이 아닌 나도 보기에는 주인공은 미국 아저씨네그려,0
6797968,에서 봤는데 정말 자리를 뜨고 싶어도 어디로 갈수 없던 황당한 영화도 좀 재밌는 영화 좀 내걸어주길,0
7321209,어렸지만 정말 재밌게 봤던 외화 이 자료가 있다니 너무 반갑다 좋은 세상이야 특히나 아들 스콧 헤이든 역의 반즈가 아직도 기억 생생 이름까지 기억나네,1
6534366,허접,0
5725311,허접 액션의 달인 시걸이 그만 좀 찍어라,0
10152989,컨저링에는 다소 못 미치지만 역시 긴장감 있고 재밌다 제임스 완 감독은 확실히 공포영화 명장이자 심리 공포 제작의 대가다,1
8177324,이건 그냥 닥치고 봐야 된다,1
6648608,자극적인 장면을 넣는데만 애썼다 지루하다,0
1721068,정말 괜찮은 영화 행복이 묻어나는,1
9873029,살다 살다 평점을 남겨보기는 그만큼 나 잼 나 잼별 반쪽도 아까운 일일세,0
3600754,재미없다,0
7702808,재미는 없다고는 할 수 없지만 스토리가 말이 안 되고 여자 경찰 강철중인가 아니 새로운 시도를 해야지 맨날 같은 거 반복에 그냥 남자 대신 여자로 바꾼 거 ㅋㅋ우리나라 여자 형사 영화니 액션도 쓰레기고 형사 영화는 다 액션 쓰레기니까,0
10186526,올해 최악의 영화ㅋㅋㅋ 도대체 영활 보는 기준점이 어떻게 되는 사람들이 이게 재밌다는 건지 궁금하다,0
9280054,한번 봐서 결과 알고 다시 봐도 재미있음,1
3324157,팝콘만 먹고 바로 나온 영화 어린이들을 위해 만든 영화 같군,0
8802624,내용에는 별로 신경을 쓰지 않고 감동과 순수함에만 짐 착해하는 아쉬움이 많다,0
584065,뭔가 아쉽다,0
6962626,이기적인 드라마 내용 특히 이성재 진짜 욕 나오도록 지질해 그게 로맨스냐 드라마가 점점 산으로 가는구나 재미없어,0
9467442,리들리 스콧의 역작 감독판의 오리진을 꼭 경험하라,1
278064,참 저질스러운 영화 내 평가에 내가 놀란다,1
9074914,트로트의 연인 대박 첫방부터 오늘 마지막 방송까지 잘 봤습니다 지현우 정은지 신성록 이세영 외 모든 배우 수고하셨습니다,1
742926,백인 여배우는 사랑한다,0
5950007,이거 볼 시간에 무한도전 본다,0
7921966,써로게이트의 부작용에 대한 자신만의 생각으로 써로게이트를 통해 행복을 누리고 있는 사람들의 권리를 뺒아가는게 정당한 것인가 장애인이나 식물인가 혹은 외모 콤플렉스가 있는 사람들은 써로게이트 통해 행복한 삶을 살고 있었을 텐데 너무나 이기적인 결말임,0
8559935,선택의 자유가 없는 곳을 선택해서 가는 죄인들,0
35014,정말 기발한 생각이 담긴 영화였다,1
5675131,만나본 한국 스릴러 영화 중 최고의 걸작,1
8197184,너무 재밌게 봤어요ㅜㅜ이런 영화 좋아,1
8891888,시즌부터 사랑해왔어요 오래오래 해줘요 고이지만 수능은 재수를 할 수 있지만 시즌 본방은 지금뿐이 라우 ㅠㅠ,1
6196862,너무 감동적이에욧,1
8210403,점이나 드리는 이유는 감독의 호기로운 도전 제작까지 이끌어낸 관계자들의 열정에 대한 예의 예술이라 표현되는 이런 유의 모호하고 갸웃거리게 만드는 영상은 늘 편하지 않다 다수에게 질문을 던지고 싶은 건가 아니면 감독의 자위행위를 구경해달라는 건가,0
6263865,저예산이지만 개인적으로 괜찮았음,1
1531793,공감 공감 관용과 돈이라는 거,1
8494226,보고 나서 훈훈함을 느끼게 될 줄은 형이란 존재 동생이란 존재 가족이란 존재 연인이란 존재 모두에 대해 생각해볼 만한 영화였다,1
7627529,예진 역이 굳이 필요한지 모르겠다가 족이 같이 보는 시간대와 일일드라마라는 점에서 아이들이 허준과 예진의 관계를 물의 면 뭐라 말해줘야 할지 난감하다 허준 본처가 허준에게 그리 잘하는데 그리고 궁에 개나 소나 뜬금없이 들어가 일하는 게 말이 안 된다,0
10238925,재밌음 시간 가는 줄 모르고 봄,1
6604543,보다가 나옴,0
6959423,다방면으로 만족 역시 애니는 판타지,1
1575888,제시카 알바 역시 알바나 해라,0
3611074,이전에 이미 번쯤은 본듯한 신데렐라 러브 스토리,0
6124369,같이 울게 했으니까,1
135494,잔잔한 감동과 함께,1
843071,년 전에 보고 제목을 까먹었었는데 어제 찾아서 다시 봤음,1
8980060,뽜와알리 뽜아아릴한국어 발음에 개 빵 터짐,0
10108084,주산과 데이는 샬로를 너무도 순수하고 맹목적으로 사랑했지만 정작 샬로는 그들이 자신을 사랑하는 만큼 그들을 사랑하지 않았고 자기 본능과 자기 살길에 더 충실했던 답답한 인간일 뿐이었다 덕분에 주산과 데이의 최후는 너무도 가슴을 아리고 먹먹하게 만든다,1
110834,이것도 돈 들여가면서 만들었나,0
8097901,신나고 행복한 뒤뚱뒤뚱 해피 스텝,1
9327139,이런 영화는 설명할 것도 없이 재미없음,0
9832877,평점 개사기다 이래서 네이버 평점 못 믿겠어,0
9316231,언디스퓨티드 이후로 최고,1
2743595,어릴 때까진,1
9805743,기대 안 하고 봤는데 완전 웃김 ㅋㅋㅋㅋ 정말 재밌네요,1
4650113,새벽에 봤는데 재미없어요 이두용 감독은 뽕을 망가뜨렸네요,0
6246374,그냥 최고의 드라마 그냥 보세요ㅠㅠ,1
8511826,재미남ᄏᄏᄏ시간 가는 줄 몰랐네요,1
7231463,시시하다,0
10252982,나만 당할 수 없지 겁나 재미져 유 두 번 봐요,1
7515075,평점 좀 내리자,0
7250325,재미있습니다 요즘 학생들이 좋아할 것 같은 스토리네요,1
9373743,한예슬 진짜 너무 이쁘다ᄏᄏᄏ 최고인 듯 원래도 이쁜데 미탄에서 이쁨 터짐ㅋㅋㅋ 옷 입는 것도 헤어도 메이크업도 이쁨 이쁨 이쁨 드라마 내용도 괜찮고 잘 될 듯ㅋㅋㅋ,1
7850844,은희 아버지가 살아서 나타나야 드라마가 더 훅 달아오를텐뎈제발 나타나서 재미나게 보게 해주세요 제발 부탁드림은 희 아버지 보고 싶어요 카리스마 잇는 멋진 모습으로 나타나주시길,1
3026128,드라마로나 찍어오면 딱인 영화,0
8746425,평점이 점 대길래 허더덕햇다 점은 줘도 된다 생각함 진짜 전혀 예측 못한 엄청난 반전 여운 남음,1
705928,사이더 하우스는 우리가 인생을 여행하며 만나는 작은 사회들이다,1
9768544,건조한 듯 여운이 상당히 오래가는 영화,1
6259901,오래간만에 웃는다 아하하하,0
4768996,어우 재미없어,0
137729,이 영화의 감독에게 존경의 찬사를 보낸다,1
7138367,동호이야 연기하지 마라 감독 야구 빨고 동호 캐스팅 일본 홀리랜드 주연한 번만 보고 와봐 동호야 네가 한 거랑 모니터링 좀 해봐 어떤지 얼굴이 후끈후끈할 거야,0
6063881,영화를 사랑한다면 혹 처절하게 열정을 불태우는 사람을 만나보고 싶다면 맞는 장면도 극복이 가능,1
6406914,재밌고 흥미진진하고 달달하고 짠해요 꼭 보세요,1
8569392,초반 부분엔 좋았는데 점점 지루하고 소설 내용이 생뚱맞다는 좋음,0
5824268,좋은데 똥파리와는 완전히 다른 영화에요 이 영화만의 색깔이 분명함,1
8160181,점도 아까운 영화라고 말하는 게 부끄러운,0
1383141,남자 주인공 잘 승화인데,1
426340,의사가 살인하는 마지막 장면 어쩌라고,0
8062734,순진함을 가장한 억지 영화,0
4976311,완벽하다,1
9805570,이런 쓰레기 영화 몰입이 안 되네 총 쏘는 전투 장면에 돈은 다 드렸네 심형래급 영화,0
938876,처음 본 에로 영화,1
8120490,보고 싶은데 볼 수가 없네요 재미께 들 보세요,1
1502430,총 칼 없이도 가능한 전쟁,1
557315,개인적으로 스탤론 영화 중 제일 재밌었다,1
7792586,아베 히로시 도 기타무라 카즈키도 좋아하지만 너무 기대했나 보다 보면서 나중에는 온돌도 지네 거라 우기면 어쩌나 하는 생각도 들었다,0
9292776,이제 이 거장은 어루만지며 희망을 얘기하는 법을 알게 되었고 단단한 망치를 솜으로 감싸 내려치는 방법까지 익혔다 나이 들고 마냥 부드러워졌다고 그건 우리가 아직 덜 여물었기 때문이다,1
8213052,이런 페이크 다큐 장르의 영화는 무엇보다 감독의 연출력 촬영 기술이 중요한데 보는 내내 어설픈 스토리의 짜임새 오버 혹은 못 미치는 배우들의 연기력이 영화의 몰입도를 떨어트린다 전체적으로 다큐의 그럴만한 요소 혹은 공감이 전혀 느껴지지 않는다,0
3757874,최악의 영화다 아름다움도 주제도 카메라도 사운드도 모든 것이 최악이다,0
10236196,쓰레기 시간이 아까워 죽을 거 같다,0
9796472,시장통 영화인가 가격 흥정만 하다 내용 없어,0
9414688,ㅎ 애들이랑 너무 재미나게 봤어요 하하 호호하면서 계속 웃음이 나면서 가족애를 다시 한번 느꼈답니다,1
6724020,끝내주는 연주를 극장에서 보는 맛도 굿,1
5379335,아무렇지도 않게 보게 되었지만 영화는 날 빠지게 했다,1
8508016,진심 리얼 쓰레기다 게임 아니었으면 평생 안 봤을 거다,0
6370705,레알 쩐다 ㅇㅇ,1
9715178,에서 빈번하게 볼 수 있는 영화이다 매번 봐도 지루하지 않고 볼 때마다 느낌이 다르다,1
9937703,어렵게 사는 우리네 인생 이야기 답답하면서 현실을 직시한 내용들을 무겁게 잘 표현하셨네요,1
9853101,내가 영화 보면서 처음 눈물 흘리고 본 게 스파이더맨 다 나는 어메이징 스파이더맨 다 좋다 하지만 내가 제일 감명 깊게 본건 스파이더맨 시리즈이면서 스파이더맨 다 할 말이 필요 없다 지금까지도 계속 챙겨 보고 있다 이것만 번은 넘게 본 거 같다,1
10015328,리버 피닉스가 나오네요 벌써 년이 흐르다니 ㅠㅠ,1
9007719,유치해 너무 재미없어,0
7908733,아이들이 딱 좋아할 만한 애니메이션,1
1994022,거지 같다고,0
10152526,시나리오 연기 연출 모든 면에서 좋았다,1
8743111,평점 조정을 위해,0
9560009,재미도 없고 스토리도 엉성하고,0
8877461,평점이 너무 낮네요 일본 영화답게 분위기 자체가 무서워서 재밌게 봤어요,1
8923038,처음엔 정신이 피폐해진 것 같아 불쾌했다 막연히 걱정하지만 넘겨버릴법한 범죄 상황을 실감 나고 섬세하게 묘사한 감독이 대단하다 박진감은 넘치지만 억지 상황이 난무해 문단속의 중요성을 잊게 한 불사 여인의 비현실 영화 숨바꼭질이 문득 생각난다,1
1345794,최고 최고 시간 가는 줄 몰랐다 특히 야구 좋아하는 사람이면 꼭 봐,1
10122017,그냥 쓰레기지 쓰레기,0
1361574,급 호러에 촬영을 어둠 속에서 한다고 어이없다,0
3614897,최고의 외화 그립다,1
9974374,정신이상자들이 공감하려나,0
7042282,정식 개봉을 했다는 건가,0
8718194,이게 어떻게 평점이 지,0
3804855,나오코가 죽으니까 원래 귀신보다 훨씬 더 무서움 나오코를 진작 죽일 것이지 ㅋㅋ,0
6600257,쏘우 여기까진 괜찮았음,1
5932740,옛날 영화에 다 가 좀 별로 당연함이지만 그 놀라움을 아직 잊을 수가 없다,1
8092610,멍청한 주인공들을 참으면서 보는 게 정말 짜증 났었어요 설정에 옥에 티가 너무 많고 끝까지 어떻게 살아남는지 궁금해서 참고 봤지만 결말은 더 어처구니가 없어서 평점 점 줄려다 너무 높아서 점,0
10024142,최고네요 최고 대박 영화,1
8583673,이 영화가 감동적인가 난 왜 웃기기만 하지 전혀 감동적이지가 않는 걸,0
10193868,한동안 댓글 안 썼었는데 댓글이 너무해서 씁니다 점까진 아닌데 평점이 너무 높아 점 드리고요 한 점짜리 영화인 듯 좋은 가족영화라고 해서 개를 훔치는 완벽한 방법 같은 영화로 상상하고 봤는데 정말 뭐라 말이 안 나오네요,0
10117481,평점 남기신 분들 진짜 인생 그렇게 살지 마세요 애 둘 맘인데요 극장도 못 가고 애 둘재 우고 영화 한 편 보는 게 낙인데 지대로 사람 낚으시네요 오늘 밤 다들 악몸꾸실꺼에요 ㅋㅋㅋ,0
8343539,응답하라 정말 재미있어요,1
6824973,짱꼴라들은 중화사상만 버리면 좋은 영화가 쏟아져 나올 텐데 중국 영화는 년 멀었어 이딴 건 그만 만들자,0
9084222,시리즈 총관객 수만 평균 관객 수만 역대급 명작,1
9533886,너무 재밌다 눈을 뗄 수가 없다,1
8627847,말에게도 사랑이 있고 우정이 있음 전쟁이 무서운 걸 새삼 알게 됐다 하하하ᅡ,1
9145443,시초고 뭐고를 떠나서 지겹고 재미없슴,0
3031029,왕가위 덕분에 그나마 이 정도,0
7321399,재밌네욬ㅋㅋㅋㅋㅋㅋㅋㅋㅋㅋㅋㅋㅋ,1
7898532,티브이로 보니 실소만 나온다 영화관이었으면 평점이 높을 텐데,0
6752017,괜찮아 볼 만해 너희도 봐,0
2974731,유니크하고 매력적인 영화,1
9514012,별로예요 재미없네요 호,0
3163129,장난치냐,0
10277771,진짜 진심으로 더럽게 재미없음 돈 시간 버리고 보너스로 오글거림에 짜증 개 유치하기까지 올해 들어 최악의 영화 별개도 아까운 쓰레기,0
399859,엔딩 신음악 외엔 상투적인,0
7780184,재밌네,1
1632785,최고의 드라마,1
4179586,연인인데 헤어지고 싶을 때 같이 가서 보세요,1
3721644,이 영 화 전까진 크리스 오도넬 괜찮았었는데,0
9172375,최악의 스토리 결혼식 깽판도 그렇고 옥택연은 뭔 죄냐 재미도 없고 감동도 없고 막장임 그나마 마동석 마누라 땜에 좀 준다,0
7557118,반강제 돈 나누기 상의 없이 돈 뿌리기 거기에 바람까지 피우고 참 착하죠,0
7777849,우발적 실수를 통해 자신을 찾는 삶 이것을 풀어내는 이야기가 너무 잘 표현된 영화인 것 같습니다,1
7656155,또 보고 싶은,1
6518084,정말 이 영화가 한반도 역사의 진리를 말한 것일까 영화감독은 자신의 편협함이 진리라 말할 뻔뻔함이 있는가,0
6963703,번쯤 본 영화,1
7733304,한국 영화 알바 판을 치네 비교도 안되는 외화까지 와서 판치더구먼 결국 한국 영화는 평점 만들었네 너희들이 최고다 알바짱짱맨 난 뭐 하도 낚여 서 한국 영화 때까지 안 본다만,0
9853749,후속작 영환가 뭐지 이건,0
4584512,이게 영홥니까 성인 영상입니까,0
10166050,본 영화들 중 가장,0
9685114,프로젝트 ㅋㅋㅋ,0
9688733,이 영화 가볍게 볼 게 아니었네 보고 나서 등장하지 않는 기리시마를 뒤집어보니 알겠다 어지럽게 물결에 출렁이듯 우리는 무엇을 위해 살며 오늘을 위해 사는 것을 이토록 혼란스러워했다니 이렇게 잔잔한 물결아 나에게 충격을 안겨주다니,1
9697386,전 년생이라서 이 영화 못 보았지만 저희 어머님께서 어린 시절에 외할아버지 외할머니 하고 이 영화 마지막 장면 보고 우셨다고 합니다,1
2256970,헐거운 설정과 어색한 전개지만 아이디어는 참신하니 이 정돈 준다,0
7066250,등장인물들의 억지스러움 돼도 안 한 말로 영화보다 화난 거 처음 주인공은 그중 최악,0
6999435,이나영 너무 귀여워 ㅋㅋ 귀여운 영화인 거 같다,1
9730794,뭔가 공감 가면서 눈물 났다 정말 뭉클하더라,1
8666818,지루했던 하지만 실화라는 거에 재미 점 나머진 소소,0
7819329,이거 뭐지 이거 영화,0
6476570,진짜 죽기 전에 꼭 봐야 될 거 같은 영화임 ㅠㅠㅠ 대바규ㅠㅠㅠㅠ내가 난지 헷갈린다,1
8656686,점 여기 없나 점도 그런데,0
1383898,이건 무슨 내용이 없어,0
5470260,당신의 형제 직장동료 선후배 가족으로 삶을 살아가는 사랑하는 사람들의 이야기,1
8597670,짜리몽땅 파이팅,1
6693184,인간적으로 너무 재미없더라,0
4600611,어렸을 때 완전 재미있게 봤던 영화 어디서 다시 구할 수 없나ㅜㅜ,1
4765336,별 반 개도 아깝다,0
9663016,이 드라마의 시청률이 한 팬으로서 마음이 안 좋았지만 나는 깨달았어 시청률이 낮을수록 재밌고 마음이 깊이 느낄 수 있는 드라마라는 걸,1
9235434,최고 중에 하나였던 영화,1
6903007,아 재미없다고 여자친구가 짜증 내서 싸웠다 ㅁ,0
5214318,의미가 있는 영화,1
5466552,이런 명작이 이렇게 저 평점이라니 ㅠㅠ 최고의 영화입니다 역,1
9606315,구관이 명관이다,1
8014145,기,0
9242673,어색한 연기 어쩔 거야,0
7837453,쓰레기 드라마 천식 ㅉㅉ,0
6417974,는 특히나 주제를 살리지 못하는 설정은 오히려 암적 요인이다,0
8184122,두말할 필요 없습니다 인생 최고의 애니메이션 영화였습니다 하루히 영원해라,1
10016416,진짜 볼만함,1
8644089,미확인 동영상 영화 절대클릭금지,0
9454504,유전무죄 무전유죄,1
8701185,예고편 보다가 개 주려다 말았네 그냥 몬스터 왕국 봐요 김준호가 추천하는 몬스터 왕국이잖아,0
7309345,격투 액션의 최고의 걸작 누구도 흉내 낼 수 없는 액션 많이 들 따라 하려고 애쓰지만 허접했던 많은 양놈들 액션 영화에 경전과 같은 영화,1
284234,저 포스터가 인상 깊었다 예,1
10271105,왜 평점 주는 곳에는 은 없지,0
9853150,우선 평점 점의 이유는 현재 평점이 너무나 높기 때문이다 간략해서 영화 보는 내내 엄청나게 불편했다 서울시장 후보 아내 엄정화가 나와서 서른도 넘은 섹시가수 몸에 착 달라붙고 가슴이 거의 다 보이는 의상을 입고 춤을 출 때 불쾌함을 넘어 상당히 안 좋은 기분을 느끼게 해준다,0
9142573,하 시방ㅡㅡ,1
10010858,나 월가 고쳐지고 로봇같이 일할 때 움ㅠ우리 순수 손만 잡아봤으면 하는 로봇으로 돌아올 때 울컥함 ㅠ진심 월 이브 이 두 마디지만 재미지고 귀엽고 사랑스럽고 앙증맞은 영화를 보게 돼서 다행,1
9815402,김선빈 님 연기력에 감탄하고 갑니다 다른 배우들 연기도 정말 멋졌어요,1
2800038,아 정말 제대로실망스러운영화ㅡㅡ참 돈이 아깝다 이딴 걸 왜 보냐고,0
9603342,의외의 꿀 잼이었습니다,1
1445623,원작이 너무 좋았다 일본은 영화 리메이크가 늘 한심하다,0
5222537,난 평소에 역사에 관심이 있고 이런 보물찾기 미지의 모험 열라 좋아함 ㅋㅋ대박 ㅋㅋㅋ,1
9410714,이제 보니까 장벽기였네,0
10064048,최고의 희극배우 찰리 채플린 만세,0
4473720,사랑 이야기 전개가 참 불편하다,0
9157293,한정된 공간 안에서 캐릭터와 스토리로 승부하는 영화 빵빵 터지는 블록버스터들에 질렸을 때 보면 좋은,1
10233849,어차피 우승은 송민호,0
8692160,ㅋㅋㅋ 어이없어 그저 웃지요,0
9127298,쓰레기장 채움,0
9840375,이런 걸 우리나라에서 왜 개봉함,0
4366451,출연한 배우들이 지금 보면 부끄러워할 만한 영화,0
3227818,뮤직 비됴 짜깁기가 따로 없는 영화과 학년생 실습작품이라 해도 이보다 쓰레기일 수 없다,0
8126237,만포로 무슨 대국민 투표라고 사기를 치고 어휴 박시환 가는 거 생각만 해도 끔찍하다,0
3217607,하숙집 아줌마와 그 아줌마 딸의 연인인 하숙생이 사가서 아기를 갖는 불쾌한 영화,0
10252730,최최최최악악악악,0
9857789,점 외에 줄 수 있는 점수는 없다,1
8322589,동성애에 대한 편견과 불쾌감을 심어주는 영화,0
6230798,큰 재미는 없지만 나름대로 의미는 있는 듯 명의 배우가 데뷔한 영화라 새로운 듯,1
10258365,이건 진짜 점이 적당함 평점 내려야 됨 화끈한 액션이 있는 것도 아니고 반전이 엄청난 것도 아니고 노출 신이 있는 것도 아니고 보다가 살짝 잠들었음,0
9505882,이때부터가 쓰레기였지,0
1227915,잘못 참했지만 아이를 통해 불행했던 남자가 행복했던,1
8561008,영화에서 하지원 캐릭터가 진짜 신경질이 난다 불필요한 캐릭터 아녔나 싶다 극 흐름을 망치고 분위기도 다 깨는 떽땍거리는 소리 정말 영화를 꺼버리고 싶을 정도 나 하지원 호감인데 이 땐 아녔는듯싶다,1
8194415,난 재밌게 봤는데 왜 그러지ㅋ,1
10162547,굿 자 굿 자 굿 자,1
1476726,쓰레기 중의 쓰레기 영화 모든 것이 쓰레기다,0
7101882,정형화된 스릴러 킬링타임용,0
9344369,더럽다 이게 영화냐,0
10119469,라고 두 시간 동안 설명하는 느낌,0
4720680,사랑과 전쟁 비디오 버전,0
8940303,이 영화 중학교 때 또 보는 건데요 학년 때 봤었는데 진짜 너무 용암이 되게 신기해서 용암만 봤어요 근데 맨 마지막에 남자 주인공 아저씨는 용암에 빠져서 죽나요,1
5786589,이젠 측은해지기까지 하는 니콜라스 케이지,0
8108090,막장보다 더 못한 드라마 이걸 보고 웃으라는 건지 울라는 건지 작가분 드라마 쉽게 쓰는 거 아닙니다,0
